,0,1,2020-04-30 00:00:00,2020-05-31 00:00:00,2020-06-30 00:00:00,2020-07-31 00:00:00,2020-08-31 00:00:00,2020-09-30 00:00:00,2020-10-31 00:00:00,2020-11-30 00:00:00,2020-12-31 00:00:00,2021-01-31 00:00:00,2021-02-28 00:00:00,2021-03-31 00:00:00
0,AK,1bedroom,144390.1097833046,144195.7384657712,144250.56400449428,144440.817369486,144514.4950479135,144385.711580026,144096.27587188504,143803.10141820862,143698.1659911638,143817.68123334867,144097.83388694903,144328.91628865912
0,AK,2bedroom,203403.2882598471,203853.4033431613,204528.12965871516,205233.1643156816,205776.47934664047,206028.25721169697,206028.0181655138,205964.8779322439,206032.5225127391,206333.2996280524,206785.81585241947,207211.44087328418
0,AK,3bedroom,322831.8316979051,323312.23534040945,323797.22581598104,324272.46945840155,324837.5670810484,325309.8151498389,325909.6894582377,326397.0405822249,326992.1464872387,327513.36044448725,328080.0015315223,328641.028406659
0,AK,4bedroom,404906.2336785309,405580.36459055153,406214.1934817453,406810.907234673,407382.7368571954,407939.08442479,408479.21542116615,409009.9170564497,409535.7961353804,410050.65144694474,410566.714234718,411075.4594578847
0,AK,5bedroomOrMore,515785.37956100516,516312.312860093,516822.02929811616,517377.31914524204,517969.696329861,518530.0518689315,519057.18028547446,519615.0688681856,520211.93801685853,520782.57297787647,521312.0734080902,521860.7753564234
0,AK,AllHomes,329258.15029863355,329790.97575220343,330354.5692606785,330899.2574329198,331526.6955871687,332057.3633319114,332711.3865471443,333247.22403247765,333894.0244928065,334458.98202381923,335073.5144218517,335680.82469673216
0,AL,1bedroom,157593.63187269785,157572.31452983362,157478.79379099357,157369.60519529379,157336.61612490882,157392.90118516126,157501.1530043023,157579.17985122206,157568.38231509546,157479.3870008597,157375.8992399137,157335.77902030945
0,AL,2bedroom,128251.71180526316,128608.20522795187,128841.0141589925,129148.8702587121,129464.78330902716,129762.79922786212,130041.37576476514,130277.44368143126,130464.34486578128,130614.15897800178,130745.59571086461,130877.55731716809
0,AL,3bedroom,155531.2974651928,155998.17695042794,156405.47194166278,156877.69763587884,157337.9772560522,157766.51590106383,158169.68364195878,158522.23281109435,158823.6960646488,159091.93146847462,159342.69050365593,159592.2790843959
0,AL,4bedroom,231180.58399811338,231700.92272198532,232164.79822847023,232631.2376850769,233057.26786618851,233476.84273980383,233864.8320516902,234236.24941734457,234584.63039771715,234909.56746309204,235218.18066626412,235500.36566964886
0,AL,5bedroomOrMore,309670.2055788184,310330.646331738,310982.88235303585,311621.16974228673,312161.05536761455,312618.89444389555,312985.8842055722,313327.7863524356,313684.7799793786,314074.7652892766,314496.253101943,314884.7026847211
0,AL,AllHomes,152179.36885391705,152692.9126288046,153138.43722185146,153628.4169317213,154104.00218432228,154549.1954255602,154952.99359023952,155309.3031273128,155623.14265597126,155906.27740040273,156172.56692579834,156433.49954876336
0,AR,1bedroom,94050.67256797061,94071.19086625526,94048.95304993678,94005.01602082273,93939.14283043942,93856.1553677501,93789.65816009721,93754.67207329866,93751.5233957226,93778.71572891093,93821.99407722025,93862.26673155067
0,AR,2bedroom,102928.07883351055,103221.4204790483,103468.16536202798,103685.32674294362,103893.12446582312,104091.8512161789,104287.51299822229,104466.41574663433,104629.4987680241,104765.82943341257,104883.9154150474,104981.17022626766
0,AR,3bedroom,139443.99181812812,139740.71782080605,139992.9698007496,140222.92461329693,140443.02720379186,140667.04684473932,140898.37919190142,141134.42912709707,141367.9795457678,141592.03739194415,141802.41157346359,141998.94607051043
0,AR,4bedroom,210455.4346639785,210867.00295480088,211219.65780296462,211569.29286301564,211914.3651905432,212227.46189470615,212527.67364916654,212819.94221855263,213092.79226898635,213352.15005666963,213602.03872299183,213838.0984527299
0,AR,5bedroomOrMore,309616.5876415073,310009.03306879965,310324.09464454924,310580.79909507226,310808.7194443032,311057.0264981477,311348.448084182,311658.02825912635,311952.80684362346,312196.1523223368,312382.0679205125,312541.3354386275
0,AR,AllHomes,126627.65702381197,126927.5941360248,127201.85370980903,127458.13700582292,127688.68113969706,127901.10057728754,128092.06486813926,128269.48377761152,128431.23131739926,128583.10418692419,128722.11742007872,128852.04222733113
0,AZ,1bedroom,180519.0516452318,181577.078843172,182393.01904921018,183281.4624938724,184103.28081357293,184795.24751325411,185479.3208841202,186091.63273934645,186596.81853589413,187055.12541770417,187454.9464293279,187792.54119618938
0,AZ,2bedroom,251005.74638806665,252392.22928983488,253599.97287391158,254730.56160373506,255749.16248844462,256645.0705780944,257416.46650993204,258114.5356321792,258764.85721372478,259357.28964101162,259869.44231617678,260311.9058741413
0,AZ,3bedroom,289303.3935192542,290501.9977891521,291534.1878176361,292535.13028946426,293503.6679167807,294331.8605506794,294957.9522505118,295478.1501070008,296008.0315382566,296541.98014013364,296959.03574906423,297215.64752638893
0,AZ,4bedroom,379075.13995915966,380392.2687599455,381577.05895804445,382656.9993858063,383605.2851450148,384450.55699193396,385205.9926165214,385859.41242469393,386426.10156837263,386924.99629387975,387339.38341108226,387688.6017809763
0,AZ,5bedroomOrMore,554272.8513588252,555428.8823990282,556478.152670329,557426.3118789389,558280.7458145499,559039.8263284062,559711.695814754,560302.0043728334,560813.9738500869,561249.5011281191,561618.48700437,561922.6513010855
0,AZ,AllHomes,291974.5429684772,293294.59472439525,294403.3178199137,295465.33696526237,296516.34849534364,297449.51047967107,298158.39022560423,298720.02954243944,299276.74029175803,299864.8584991564,300355.3008810775,300663.67922452395
0,CA,1bedroom,513706.1148655847,515829.3822573868,517782.5576877321,519599.1176865497,521201.66409854445,522585.85746053216,523836.75729881146,525046.7337164953,526184.476152855,527176.0467728631,528024.8535882229,528830.2469934062
0,CA,2bedroom,615941.7848906764,618330.3138899097,620536.7312141294,622580.305029679,624353.3350607789,625906.9111478514,627353.1531621997,628744.1022859702,629998.6952242226,631075.7534058347,632049.3268141698,633008.7318300817
0,CA,3bedroom,745050.6857472353,747843.5657200677,750373.1514681032,752689.0835776516,754767.4386786788,756652.0614036216,758383.1258089697,759982.5542460887,761435.516056947,762750.8649213609,763964.4902224537,765100.6915553724
0,CA,4bedroom,939703.6714248327,942486.8374246971,945003.5777247512,947309.5918299435,949391.7882035013,951272.5479011596,953000.5570308309,954620.5023583258,956136.4090656257,957524.7810561144,958778.5705941995,959928.2580495488
0,CA,5bedroomOrMore,1262000.8005065504,1264997.9794907984,1267774.120967343,1270402.6353141274,1272860.7561702917,1275167.7477456627,1277370.9439892187,1279415.353652639,1281397.302115891,1283240.171563847,1285023.9251011878,1286712.3441017016
0,CA,AllHomes,780427.4996237459,783267.769669533,785811.6564248643,788123.0424789404,790213.8815123112,792111.979048333,793843.4079678316,795424.3547743864,796867.1693721724,798190.5999244428,799408.8183682695,800528.269266976
0,CO,1bedroom,329233.91716791666,330298.4504935324,331254.9901913245,332186.51743126963,333085.02424875234,333933.793037459,334755.775434306,335552.61128861137,336318.64677099296,337059.6189463708,337777.9288288606,338471.92786183866
0,CO,2bedroom,371840.8373327769,372994.7130287918,374066.0655728072,375094.05656030844,376085.90244057134,377013.1547241084,377919.93881187914,378801.840134907,379639.2468250152,380449.4451253274,381249.6486752965,382008.7923138524
0,CO,3bedroom,458422.15711313684,459789.7391062911,461072.6926694962,462272.3471314304,463458.9849692485,464580.1421952471,465648.14236878837,466680.8546512126,467705.7424670185,468663.57639811555,469599.2323100216,470516.08109984186
0,CO,4bedroom,568396.5753780899,569713.4929076295,570971.1169402399,572182.2934691152,573347.2057713544,574468.7598089038,575555.3165486939,576606.9014920627,577623.0133358095,578611.3632345208,579570.5529731597,580499.8818808349
0,CO,5bedroomOrMore,769597.0850074227,771103.254764393,772566.3454128706,774031.3378151701,775478.5046760602,776901.7827378891,778334.9065795388,779727.2827877188,781138.0769140156,782515.4266253089,783895.1401845118,785267.6563198228
0,CO,AllHomes,461284.86051508447,462565.8933725068,463770.8312418656,464918.7454968388,466013.80220699316,467060.176867515,468074.2968788626,469045.88783235266,469986.3089807133,470898.85285007674,471777.9748612284,472630.8899168129
0,CT,1bedroom,173045.46692505124,173129.19361367772,173257.76015390438,173363.19796405217,173456.91335983676,173549.19352146762,173636.62354805303,173718.09111687946,173795.53630212083,173868.69494605192,173937.93740107614,174003.31749714568
0,CT,2bedroom,220898.89113289074,221089.27804503357,221305.15178929144,221531.04046875593,221714.35392995525,221862.495174174,222018.53757103396,222188.53964510982,222340.1487565731,222461.50029235648,222576.77654419182,222702.27731076273
0,CT,3bedroom,283635.0809145278,283892.4867602447,284145.671782912,284431.2733335072,284713.196900204,284981.99782465026,285213.07182733074,285405.13357949496,285562.197632048,285699.9855648451,285832.22449604026,285968.60918076057
0,CT,4bedroom,380216.445766881,380338.82826299215,380317.5975229558,380335.11590290157,380505.25225381023,380718.91361692303,380796.8860213001,380736.9805732789,380718.50117257325,380856.10572244984,381043.9846005987,381101.7942073358
0,CT,5bedroomOrMore,460860.3434867283,460789.3058542527,460686.46763151156,460587.4917942492,460528.6218047301,460461.0577398799,460365.51944482204,460296.00752330996,460253.5051695805,460183.155121695,460102.7213363184,460059.834699008
0,CT,AllHomes,312173.45713093434,312360.39192572323,312542.315554644,312711.45936430426,312851.39420730434,312967.46189628047,313067.297485512,313169.3638101763,313279.9217836965,313398.7627506128,313512.1723768033,313608.95330653654
0,DC,1bedroom,421206.720501734,421864.5635855599,422509.2281957372,423162.97187086445,423782.7284940499,424405.6972576436,425031.42037734675,425623.6620815733,426237.7966758708,426834.27601977345,427416.7091004166,428018.2514186867
0,DC,2bedroom,603888.4655051877,605161.5400610017,606447.7785017992,607725.9730844466,609024.3246357954,610311.7585358928,611613.0593028463,612913.4538360329,614212.8887511769,615524.6058571544,616824.1625288745,618140.3563921059
0,DC,3bedroom,691623.9017256505,692739.9935315563,693862.7317143661,694936.8699039648,695903.4658479382,696795.3576058986,697674.8121543962,698544.5418034148,699361.3691232087,700105.4766721895,700802.9227740101,701485.8647439476
0,DC,4bedroom,925864.3765814574,927885.8575197445,929962.8480018784,931942.9950233443,933959.5595236871,935967.4622586754,937905.396129321,939923.3423574104,941848.1838123667,943808.9709998089,945775.5221530388,947673.8740002746
0,DC,5bedroomOrMore,1483359.8156801404,1486592.8057531912,1489772.7067063088,1492935.5516081138,1496079.7031366492,1499214.1255552978,1502347.6150670408,1505471.8810656313,1508592.468349128,1511712.8620206492,1514824.9027055516,1517935.6786608985
0,DC,AllHomes,641747.3047991066,642647.5866986475,643522.2410613446,644352.999386487,645147.1677345731,645911.7541110313,646644.3627569118,647349.2598874575,648027.5556292874,648680.7620886762,649310.0527789652,649916.9050507706
0,DE,1bedroom,177037.7003899182,177011.85248825504,177076.1357827984,177021.063721859,176923.31234033636,176841.05973916838,176860.49204994895,176904.9249663772,176888.04878001002,176795.5260004543,176721.5294434389,176730.49207533308
0,DE,2bedroom,248544.25164893267,248774.84256525504,248859.1776876056,248730.4037449418,248499.58096845416,248321.81950355473,248292.89728130295,248451.7278298886,248706.66711401616,248900.0179963496,248936.42379999725,248800.6686762955
0,DE,3bedroom,335213.4999973925,335566.58044977643,335880.104722413,336300.9677547352,336756.12480007886,337079.06160586217,337280.21349777933,337534.31724794395,337893.26061682985,338207.9442937716,338371.0384461688,338496.5736075089
0,DE,4bedroom,354063.39282365295,354419.60951217095,354749.79472544126,354983.46668605384,355131.0039928369,355209.77849987184,355286.5303134899,355405.8710433405,355592.2028407636,355826.4788277604,356063.144114567,356254.113067304
0,DE,5bedroomOrMore,549846.5790755496,550247.1905185842,550617.477253795,550899.5277774726,551071.8857585205,551166.6331895547,551244.1216179742,551367.6508377867,551568.7987679646,551834.8798707557,552117.8197833553,552358.2392130255
0,DE,AllHomes,349636.6186015684,349833.45564176905,349993.019552681,350166.84997691587,350389.61808723205,350648.4603187173,350904.9514562489,351116.52172870154,351267.4878887978,351374.30654609465,351473.755940861,351597.38651919167
0,FL,1bedroom,154674.89295999677,155315.28251241002,155935.08058303624,156527.69239476154,157088.3267863259,157598.22489910375,158046.83486169646,158460.6017931654,158865.08333947763,159255.95903965138,159610.71917404715,159919.14512614268
0,FL,2bedroom,229412.9044243181,230282.5439964007,231132.11151378546,231936.357402579,232654.28267312943,233326.08780022475,233952.95327577184,234514.39007287924,235027.237171699,235500.2325608093,235924.66280187448,236307.78243935542
0,FL,3bedroom,363168.4339440951,364096.0111875363,364907.66206554114,365664.6467156518,366353.5026220901,366952.40224886837,367476.96309956827,367938.82804694254,368340.78342827247,368680.6187196163,368965.9221926541,369199.82703019393
0,FL,4bedroom,501908.510341104,502639.9086290431,503302.5891955465,503904.4268485043,504432.1007817296,504887.4087014716,505285.2891933097,505625.655741242,505911.4198473622,506144.9968249285,506333.06180323433,506476.30520188826
0,FL,5bedroomOrMore,808920.048443358,809342.3505135481,809434.4381757791,809843.3849165974,810073.82971119,810400.1487543647,810767.0712099966,810984.6673921648,811449.3101988077,811576.0759566668,812069.5792756771,812154.3332439819
0,FL,AllHomes,341626.9134384156,342698.910381109,343686.321686193,344601.32558927574,345427.7315033566,346133.1404338648,346763.66094287095,347341.97745533835,347855.17969932826,348272.623032936,348625.46562079457,348941.25486924365
0,GA,1bedroom,165772.52211507098,166036.06531958116,166288.40852678212,166486.95742042578,166670.80745084226,166845.55623825872,167012.08961570892,167178.67445670834,167344.95345575942,167506.02744856745,167657.15486849498,167794.16866827564
0,GA,2bedroom,133011.2445499211,133446.79408224265,133905.66189682085,134349.97684569494,134775.77965518658,135180.55453639486,135555.98300982566,135899.1356125154,136212.14545692483,136499.83994956556,136768.01090184742,137021.51719930483
0,GA,3bedroom,184218.57798846337,184710.27541192016,185165.57144413333,185599.07065899344,186010.16483625674,186397.49047676855,186763.4611605724,187107.79846752525,187432.63748152845,187737.64785506975,188024.92687491185,188294.14880279868
0,GA,4bedroom,261089.65963410414,261660.15262952272,262169.45629558054,262607.85170657944,262992.5883097062,263376.0297537009,263778.7484471663,264187.5817414891,264578.83779054985,264924.9508876348,265212.3488934988,265454.85548258404
0,GA,5bedroomOrMore,362630.34617956955,363180.9355967243,363668.23531713616,364116.1927076253,364549.79280503193,364988.9692670273,365423.77002206113,365833.970928966,366197.7468596259,366508.02119589946,366777.91938173445,367031.3384096406
0,GA,AllHomes,190759.49356412265,191260.0525976214,191703.34961790123,192075.66006733,192406.21106948788,192743.50388446558,193105.82587641754,193472.3029593708,193806.729216185,194088.1211730305,194326.13090140565,194550.98579707314
0,HI,1bedroom,626960.5194029316,628043.2383914847,629048.0037930558,629876.5466427155,630592.6890397919,631343.5143727552,632162.915363678,632935.2709525974,633549.9916350872,634054.4589622779,634588.8498375707,635205.2664235164
0,HI,2bedroom,637616.6270774247,638346.2114368593,639012.6848370468,639647.2404568129,640261.774695524,640810.0634356855,641380.5940899902,641850.7233984572,642383.9487749129,642783.4111527413,643284.9445823999,643620.6902193644
0,HI,3bedroom,722731.4739195653,722961.1945328612,723166.4184153427,723347.244559024,723506.8752431395,723646.2522661955,723766.9812628345,723871.2810903916,723959.3652671109,724033.9724633435,724095.0992399878,724144.7407750558
0,HI,4bedroom,830851.1585542473,831257.2735799591,831927.0213969606,832237.5329178335,832839.3245132543,833147.6404588894,833603.5856941201,833975.18128317,834258.3410290806,834697.8864795964,834848.9824159923,835300.649394453
0,HI,5bedroomOrMore,920195.0414808553,920910.1205232046,921598.687003856,922248.9108719394,922858.4125659375,923449.020774074,923988.6562271884,924518.7532032486,925000.6817260023,925469.6821417889,925906.1994508554,926318.3563675138
0,HI,AllHomes,712917.5227651995,713252.9847053953,713596.1279066423,713819.4702221846,714138.5093402431,714318.1900296013,714551.8464676292,714748.4346150478,714876.0386499004,715085.1097602829,715154.4183506928,715317.0924785013
0,IA,1bedroom,170355.87024117,170660.16681732656,170877.24509581953,171114.20028349877,171338.85177319922,171566.2571486475,171775.12449688336,171992.55936657978,172191.97514238852,172396.998576474,172587.40629223865,172781.34319651988
0,IA,2bedroom,127679.30235626668,127936.77609053734,128142.38341740733,128323.86475948787,128518.81717417113,128701.401684604,128868.59368303232,129034.22954060455,129196.79510398519,129352.88278594642,129504.35901373178,129651.11943601187
0,IA,3bedroom,163600.58783978134,163942.55996812665,164221.2784063651,164491.21095171722,164786.15328734013,165053.78399794438,165291.21725376518,165521.57520103574,165747.92018406818,165974.5078456328,166208.68691940946,166446.7580329294
0,IA,4bedroom,203241.14555851748,203598.34826954672,203896.72532663814,204176.38293678264,204495.51681873717,204784.15338940866,205048.18879197928,205317.03276561503,205574.70299454703,205823.0018154431,206073.22034846467,206319.50521548092
0,IA,5bedroomOrMore,277060.6396329281,277460.42792089476,277814.97094937804,278208.99785093893,278575.0822984157,278953.4476943028,279331.818441058,279694.1355565093,280084.00984114135,280432.6448484157,280830.81675598526,281170.27590844885
0,IA,AllHomes,169983.28176533256,170285.33135478257,170545.00563097178,170782.9083288546,171035.96653727992,171258.80818648933,171447.94419717716,171631.71054011513,171816.6564298132,172006.0764205014,172205.32437178827,172407.37830899196
0,ID,1bedroom,168600.11912055957,169314.72860448214,169959.9780502431,170663.9265649673,171351.56221336877,172000.84015284706,172584.66210256144,173081.81998975982,173513.71967817287,173921.58937655578,174340.87112088365,174781.71456959966
0,ID,2bedroom,179755.39829577392,180714.88157609358,181465.25270914956,182350.6077656177,183150.30931455156,183861.31031046715,184566.14310715365,185238.11667353314,185861.22409399357,186460.11101640167,187030.21414491558,187570.13049300472
0,ID,3bedroom,234427.70024620596,235501.08667266546,236270.67504202668,236942.60778717342,237637.571009281,238458.83103982467,239372.72973433082,240221.475140507,240885.7558611881,241366.14630077314,241765.5840347088,242210.88906114773
0,ID,4bedroom,247931.30929198285,249383.46616229322,250607.94461625657,251692.17938515628,252698.73426018129,253768.90512499257,254893.6312323698,255996.38381611535,256977.56097916802,257794.57494820247,258495.54172432364,259174.66181295543
0,ID,5bedroomOrMore,293807.7652019593,295372.6841459941,296667.4922013461,297793.18660244974,298858.1688881656,300017.3187288366,301200.6325876336,302339.88037029386,303316.28167328495,304109.4757652989,304816.0288511278,305507.2154938107
0,ID,AllHomes,260719.19442108253,262118.45263003843,263317.03550240677,264398.15966151765,265410.7693561325,266497.0819578567,267617.8466336142,268704.801998079,269669.29523946164,270480.6075722801,271193.3481519576,271891.4806452703
0,IL,1bedroom,125113.43588412082,125178.70566612792,125219.15236979756,125267.61198122827,125295.03445598294,125316.55087828837,125357.20001619942,125396.47843193477,125418.96819261792,125437.43273252681,125466.3535859484,125497.91706546649
0,IL,2bedroom,161086.13761879745,161179.11221212143,161217.00213636516,161238.61114062724,161233.76469604002,161277.92834762938,161331.75555127647,161360.23694183832,161356.61865091743,161366.293138025,161404.74221171413,161442.15228429795
0,IL,3bedroom,207889.84973118672,207959.5417763091,207996.34713008016,208001.85056029534,207985.83697581655,208014.85962175668,208062.02581167084,208083.07899932523,208068.1566093719,208067.3359126925,208100.950172104,208134.97681161822
0,IL,4bedroom,287149.2932882376,287164.18873349024,287168.4129039293,287170.1274407077,287169.1074423891,287171.3692959212,287175.8815537907,287183.64832183486,287191.78670780815,287199.4752088483,287205.0299794894,287208.8558026995
0,IL,5bedroomOrMore,388438.7662918329,388447.89667167526,388465.42335180676,388474.32561196573,388468.2737923829,388464.48059523944,388474.2098537212,388489.3545641443,388492.83012826205,388485.985326501,388484.0921604146,388494.9034765756
0,IL,AllHomes,224291.59341354927,224359.39882212735,224407.02675231948,224405.71457925427,224368.18544038074,224392.41544698644,224450.49821562637,224478.1435928947,224450.30773720995,224430.62663837464,224467.30160750874,224515.09895496676
0,IN,1bedroom,91549.99433551847,91832.95547528239,92052.17790426858,92303.22717698001,92545.36067240477,92754.95691559084,92957.17757955643,93171.3435240564,93396.10167888661,93619.59818523428,93830.81921046707,94028.30403800422
0,IN,2bedroom,108643.40813429795,108967.91852444685,109222.864788131,109508.58086966682,109803.0196421023,110061.266005343,110337.98086304721,110595.59683064377,110858.39649913441,111108.8070254641,111362.16786007248,111605.50232412964
0,IN,3bedroom,145418.58583843336,146001.06964792998,146513.19374247923,147038.18299801342,147562.07480637915,148068.41105692618,148560.27258659896,149040.340271394,149508.45614962664,149965.1110396699,150411.11522799463,150846.81307754738
0,IN,4bedroom,185855.5910668728,186433.12951731225,186946.12021057602,187471.683619246,187989.8739566396,188484.3772144964,188978.9653283831,189463.6026570971,189931.0316770122,190392.05726059058,190843.3484514999,191281.85839610503
0,IN,5bedroomOrMore,279851.53984866256,280382.9996988409,280909.74516059656,281490.9661667789,282060.0649287253,282571.359115854,283055.781100972,283579.4312235896,284124.9541852413,284639.0832081465,285109.7707522708,285588.86093128275
0,IN,AllHomes,137896.61394557566,138426.5067708492,138897.5660252051,139375.81046509894,139846.42009858548,140303.24721492536,140749.91140907293,141185.02263238854,141608.88087157105,142020.92070700822,142421.37610653712,142809.96476397247
0,KS,1bedroom,138460.66951690195,138599.34802952097,138569.37293624732,138547.14614783903,138494.89247856606,138499.11978257113,138548.79578431707,138584.72464283023,138604.54489004356,138558.33097358365,138519.02923816434,138496.07092604908
0,KS,2bedroom,131891.31254411672,132057.83365349754,132226.59800049823,132382.07992347903,132553.17440544782,132712.920432528,132875.77301200433,133044.118145516,133200.57265436626,133370.71154548015,133529.90154045034,133693.5991256105
0,KS,3bedroom,184622.6810712053,184954.30283556835,185310.10846984157,185635.4448100855,185958.55363981554,186279.63021344354,186608.3425755126,186930.6617144737,187244.1809079125,187551.81536756802,187860.38609701107,188168.5226497812
0,KS,4bedroom,250505.08646572253,250791.35475738483,251066.16964532106,251290.55976345684,251440.42239433478,251513.53273705,251533.9203576442,251541.49861738126,251572.6933963546,251649.04800593827,251765.41338812743,251895.73470179838
0,KS,5bedroomOrMore,312809.2235841821,313480.9000629181,314102.6066453721,314592.38165727817,314923.7144998696,315137.42331436224,315324.11977101816,315584.35137362865,315987.4245475554,316540.6863070552,317187.5257980672,317831.87481071695
0,KS,AllHomes,190240.33841000643,190547.00115888304,190883.92916244915,191171.6697125154,191468.45550588547,191758.5588427462,192073.3995437599,192388.8522179921,192700.51061791845,192991.006332794,193270.5758504557,193548.9864784572
0,KY,1bedroom,115723.44055302165,116373.60480163715,116847.88454566585,117341.12936347967,117822.47920458189,118290.199509021,118739.70100786074,119178.61334849708,119603.2374792115,120016.64870832823,120417.74659880565,120808.15747756486
0,KY,2bedroom,113314.00090881441,113721.27120501605,114078.61228884356,114419.6532332982,114749.63223383424,115074.84270352237,115393.52133057226,115704.33056039692,116006.86927665214,116301.69912312138,116589.43300037477,116870.44166448314
0,KY,3bedroom,150703.73339990096,151185.5261499321,151624.12208202298,152036.89840064454,152443.1095689601,152833.22939653168,153205.0332434,153569.26451494542,153934.15444917808,154298.12884073396,154654.05800782246,154996.46989602267
0,KY,4bedroom,213993.66059634567,214584.69830174776,215117.13637458862,215615.7232841062,216096.4155538845,216546.66781694506,216986.53908171866,217437.53444112107,217894.02452420333,218338.41007942206,218757.63630236743,219150.12545922556
0,KY,5bedroomOrMore,294071.2032769062,294709.7004329028,295282.02895989723,295808.2645822492,296369.87808170525,296980.6620971525,297549.5817839448,298058.1638575621,298565.7605037246,299117.35708836495,299657.20494005794,300145.37786292844
0,KY,AllHomes,152059.5265141555,152531.22984245178,152971.2539847042,153377.93310278177,153758.44444470562,154111.31266587044,154450.23789215018,154794.62930059235,155149.63758567386,155503.0639286242,155837.41062479268,156144.22686909864
0,LA,1bedroom,123898.90777486311,124031.3592135395,123980.80844894233,124020.81865077076,124068.53806389432,124088.38510021537,124135.99051863526,124172.4193808756,124192.64468962373,124225.98294458883,124258.74780105521,124284.04504945963
0,LA,2bedroom,123448.51598363587,123691.8695717936,123899.10640703485,124117.38274439893,124285.16119974133,124407.9373161717,124542.93405519634,124713.57320096105,124876.90552619756,124993.12654676974,125085.48374526313,125201.71174935
0,LA,3bedroom,153900.1647989296,154213.90857948444,154511.36368471087,154780.53017780275,154967.7955921857,155123.00576080143,155319.54415787608,155563.38610394023,155799.64716054877,155984.94329589378,156133.40750493295,156290.80573467273
0,LA,4bedroom,232974.42319648137,233209.3844092484,233457.99409234303,233667.3585251926,233896.6133023932,234092.2385596731,234301.20087694976,234486.99321661558,234676.2733424666,234853.51761234552,235025.27407603725,235193.64635753722
0,LA,5bedroomOrMore,322834.2881996675,323241.3881013014,323639.98750230955,324039.08622085344,324432.5458328715,324824.6074248686,325216.44156672264,325605.1708959022,325993.73099792504,326381.5982722317,326767.22289237514,327153.2748589283
0,LA,AllHomes,158720.94917830633,158976.9691438703,159190.02420665248,159432.87624769664,159635.85759774,159832.46226701926,160060.27611058907,160286.70372405354,160485.151295612,160659.6186623604,160820.73900799933,160980.10514504733
0,MA,1bedroom,273264.8304706196,274132.0686227921,274816.3373071355,275478.6229692492,276088.1648643206,276661.36791423167,277208.8545344683,277731.3878295627,278221.76193174603,278691.7075408565,279139.10858253215,279561.2200618123
0,MA,2bedroom,344951.48656519654,346161.2718118335,347197.9529902916,348148.25918080605,349095.7297639245,350061.827777244,351021.944656014,351917.91096557776,352700.4226809893,353367.451188831,353946.76892318384,354490.24070570525
0,MA,3bedroom,427236.176955221,428392.50496060774,429388.66150830704,430361.1689727215,431298.7342767515,432181.1166634571,433009.6904574451,433803.080376832,434556.27849774377,435276.8778957109,435961.32327962085,436619.0697412926
0,MA,4bedroom,536423.515672718,537473.7146786391,538412.2348505289,539265.3148772423,540109.032491158,540966.7689821565,541846.5043396883,542700.0592719403,543486.2200789936,544170.9030143963,544767.7188916918,545313.2126656743
0,MA,5bedroomOrMore,663756.631763167,664836.0616584765,665812.6895104247,666693.7975301838,667504.4448786825,668329.1401072895,669173.615774221,670037.7328714785,670846.7603267459,671585.7195549848,672238.0236615434,672868.2052680666
0,MA,AllHomes,445726.3562235745,446876.7514659326,447882.67725154734,448819.3970255856,449701.8192586972,450596.0765149622,451482.29921449046,452321.30959636916,453105.67505232914,453790.4371360889,454416.3333307357,455002.3089034458
0,MD,1bedroom,250618.528637833,250957.12195277915,251253.33707315527,251523.0626646809,251795.91397023542,252061.59150311223,252324.52942177028,252564.29020375837,252788.2655494218,252984.6133774069,253168.1210154277,253330.44069785508
0,MD,2bedroom,238220.4930961928,238669.64498145378,239025.80780226385,239396.68618373576,239732.8931040927,240028.8128754873,240311.40140628305,240559.6149771558,240789.57888737123,240991.23463158947,241175.98588761548,241334.64397153867
0,MD,3bedroom,321089.1159555723,321478.24379053165,321801.3672843056,322118.43148845655,322410.016727578,322663.60207481775,322897.2263258093,323104.72882678534,323289.66112385085,323450.41467397776,323592.54847998015,323712.4931037069
0,MD,4bedroom,419246.2910934742,419613.5553428935,419946.8473562179,420271.2530058742,420572.08944627875,420835.5438437204,421063.12486313534,421277.9969341513,421477.2906745655,421651.6265824494,421793.77313292044,421920.74169700406
0,MD,5bedroomOrMore,520661.6372340681,521011.50663694437,521362.7222777003,521661.29177600995,521972.3619241578,522229.69062459335,522490.532017465,522697.0362525606,522917.8927226504,523092.81201098196,523278.1329840752,523410.3253206918
0,MD,AllHomes,357582.4497803936,357940.41738172434,358248.2843343293,358554.96005184064,358830.5431389921,359067.37595825054,359299.18275293865,359499.1391875076,359677.0394164725,359839.8804660402,359981.57906079094,360102.9153898719
0,ME,1bedroom,199245.1368818644,200092.19787293545,200746.94844424343,201446.3698601743,202180.4383118613,202915.84888611527,203680.8413742562,204415.96916473212,205062.60712714586,205630.72111351503,206143.53166779142,206631.59121339943
0,ME,2bedroom,215326.2996818289,216260.1532126006,216917.71076925186,217684.3941702658,218395.8004358144,219111.30504837792,219818.8721641056,220502.03449859537,221185.73580187123,221838.0050171775,222489.60696677526,223108.77747215584
0,ME,3bedroom,254458.7118183125,255455.74499363083,256206.2594631505,257026.73824196507,257757.18822898544,258508.26635246217,259241.4108158465,259931.250764927,260655.02678333162,261292.06759496144,261990.17241639443,262585.40668968926
0,ME,4bedroom,305675.7021151885,306830.37941034173,307824.31518766866,308845.8043358282,309815.374800156,310694.5869415051,311573.40636884933,312490.7641603115,313387.93196157453,314209.82071066566,314964.06452427746,315693.9035874813
0,ME,5bedroomOrMore,393065.53008618957,394273.7240877551,395360.3690881722,396431.1778559793,397478.1315401725,398557.9778378032,399638.0133861766,400685.127814648,401700.01746773,402642.97674016695,403546.9945736184,404412.0387111911
0,ME,AllHomes,248292.87056028756,249289.06638708198,250112.27585814736,250994.45139224487,251850.7737904032,252593.60190038735,253279.59097414804,254002.25893837243,254749.56087652192,255438.9424684777,256050.44104030606,256647.6567199308
0,MI,1bedroom,151268.51233929975,151928.08538368848,152406.51627639477,152895.36014097923,153393.0325566756,153883.3638845566,154376.4334681365,154857.92575907553,155304.71262676507,155708.73293758227,156078.5276958538,156432.22938313073
0,MI,2bedroom,155951.8730300406,156633.74293624793,157195.68658435976,157773.95088301916,158347.84174124026,158891.59176045863,159401.0665573172,159874.8324102831,160313.63996084098,160721.73838240447,161105.26756845455,161470.60611755832
0,MI,3bedroom,196726.57655760564,197458.4435264171,198036.34506524418,198651.33965220232,199250.79477402478,199793.38551039706,200301.56266279944,200779.7814574039,201226.15331612818,201647.84034089444,202051.34006907293,202440.12145165872
0,MI,4bedroom,254021.05861456896,254800.21382409765,255498.76652672022,256217.1923556151,256880.66883688944,257488.4261192498,258039.30108279953,258533.18414196357,258979.74055820995,259390.93062185482,259779.22609763232,260155.42639326316
0,MI,5bedroomOrMore,325546.96802055923,326279.6612418989,326996.6366129911,327663.75452597585,328296.2866399817,328888.1129825775,329453.2211047123,329992.5853458787,330507.04833173315,330991.7350495557,331447.214375178,331877.6537782002
0,MI,AllHomes,202645.21187101802,203409.30508033,204021.64895574894,204681.2484262854,205319.08749153555,205889.79555603306,206419.0706741811,206909.62019295507,207360.40419901407,207782.40730781143,208185.07392282286,208574.27974228124
0,MN,1bedroom,212235.90169730296,213187.29134377686,213869.40629430462,214605.51731539273,215309.21619590034,215903.56232963412,216533.31428089456,217109.12337410726,217638.05681699814,218167.3313120931,218655.0687272057,219113.6776806245
0,MN,2bedroom,236230.05924194359,237211.390689396,237930.35059923393,238669.4367222187,239380.7023973256,239981.08169998822,240592.9874985474,241163.79343359996,241680.59033076692,242189.27315626384,242661.13078424623,243100.80696564796
0,MN,3bedroom,301409.2508001951,302409.23976866197,303236.6314104518,304021.77408824733,304769.6231029639,305463.9471428758,306139.1931426897,306771.48135746655,307346.48369746475,307899.4644574102,308422.3140166909,308901.1787835117
0,MN,4bedroom,361465.44307986833,362439.03592312505,363314.7047889673,364112.2772596229,364864.45547774003,365586.1020649721,366276.05218125915,366925.5495475174,367516.17393158976,368046.55177958444,368524.2772396944,368962.75351231254
0,MN,5bedroomOrMore,444388.7540322888,445270.4079297945,446072.87603998213,446812.20412905223,447515.4284522873,448199.80036360543,448861.6736080152,449492.7619291011,450077.7126280892,450611.9092757658,451104.78374895465,451565.96563337476
0,MN,AllHomes,319022.6975636812,319978.70821620506,320821.78991506423,321583.4662185263,322277.7344611228,322959.75930260465,323620.71525895374,324244.4151141798,324828.11670078593,325333.43080123485,325784.1068657378,326195.35753179115
0,MO,1bedroom,134084.31789954627,134101.39569452638,134163.12600082913,134132.1774090749,134110.0825306886,134029.4724769355,133967.17546768434,133928.22635245544,133909.12553282364,133921.83681372396,133924.4685657797,133924.06098135727
0,MO,2bedroom,175152.77525622313,175292.7100115399,175424.17803971225,175544.53471358804,175750.9347850046,175961.18214811574,176174.69924847264,176345.74136487552,176446.3294693155,176540.8741566525,176620.19331483636,176744.20682005378
0,MO,3bedroom,237417.84608283706,237495.77692225494,237502.35126872407,237487.5329718778,237540.9004755361,237648.5681462472,237812.1337791363,237947.18085245,238012.04102336956,238013.98483397797,237982.0437041795,237997.1051039982
0,MO,4bedroom,331576.0760803128,331749.0162220674,331848.41046446224,331905.6035674864,332023.60798324813,332203.58085062914,332427.51078329026,332650.96249907324,332798.2252225043,332877.62686544214,332927.7430255048,332997.1318069653
0,MO,5bedroomOrMore,412571.12333056837,412833.5575585034,413080.5822566233,413297.6912105857,413484.2293331335,413649.2052925485,413809.827132717,413977.7596159812,414154.58543602016,414337.03465979046,414515.7587180729,414682.08673694235
0,MO,AllHomes,271571.49185705616,271697.5599412184,271771.48170543683,271816.99382614804,271959.9049568353,272174.2992614527,272406.7634151624,272617.02468749974,272722.6217078848,272759.6339603593,272795.41096958873,272873.45899032947
0,NC,1bedroom,125278.58216863727,125683.7372963804,126012.67899777646,126334.96859526855,126645.45417984916,126929.79483799326,127202.95108332114,127453.66726280679,127693.06633226464,127911.79011784613,128119.6909893998,128308.56550085232
0,NC,2bedroom,133053.52535130488,133518.08675409562,133965.95077992516,134372.10358131942,134781.2730785327,135152.85614068704,135520.44389248017,135857.85777492248,136189.37669418825,136496.51591429376,136794.82052512155,137074.51845701976
0,NC,3bedroom,191569.11270800763,192219.67681316144,192830.6572454667,193410.82556368242,193978.54819514652,194502.68213886736,195013.31252034885,195487.2092067845,195945.97444821475,196372.23434896913,196783.12555653538,197165.29543930682
0,NC,4bedroom,274560.53309296595,275207.43355973694,275812.3799534679,276394.92269345216,276939.11033786513,277471.79234113835,277961.95163189905,278442.83304926753,278881.6394734695,279309.71067864535,279699.84889022,280076.0038585202
0,NC,5bedroomOrMore,372051.37344362016,372797.62688219495,373495.9559448985,374123.2425499887,374681.63983314164,375205.86401100963,375724.2944147444,376248.27261020173,376763.79889755265,377239.741340153,377663.6033611234,378040.4164447805
0,NC,AllHomes,195224.79975814567,195856.37965859732,196424.97219801796,196974.40276169477,197502.74367276832,198002.17189132172,198478.76595833787,198929.34594953337,199358.67693891993,199763.30400795423,200148.03214638372,200509.5102308268
0,NE,1bedroom,305855.27458908356,306329.4111710816,306925.6471878008,307554.0026077449,308100.48778903566,308505.82249270537,308759.38914864406,308973.45300988667,309236.04553642316,309620.80153342435,310085.8774774785,310540.84398847475
0,NE,2bedroom,217296.86914423958,217910.5346006981,218454.47220664358,219015.7923143374,219565.1341443555,220096.96777853774,220584.77604067206,221066.95593890955,221557.9238403241,222058.37139027528,222533.49568468967,222978.64709679916
0,NE,3bedroom,247129.54989789112,247837.7533692851,248448.5985768284,249053.38845477288,249674.49228442615,250299.65579986488,250892.41154680552,251453.81338387204,252015.00150191216,252592.55460674892,253167.11406548027,253714.3769927021
0,NE,4bedroom,286263.19931325753,286946.58490775165,287595.77599012584,288192.3080479485,288775.371763612,289387.54486539576,290012.65843558795,290606.1118205759,291159.4729415874,291713.0981996853,292293.3874553856,292877.6654688769
0,NE,5bedroomOrMore,338509.9012302163,339208.09198359866,339883.0546910232,340534.6605263906,341169.27267965145,341794.63802445616,342407.46388082474,343013.7524015032,343616.68021112843,344211.20525971515,344805.8643181646,345396.9079180771
0,NE,AllHomes,254035.3372622838,254763.4754189118,255427.87370008157,256021.9888462056,256590.7152438537,257189.29929219457,257801.62413980762,258379.08346846732,258907.4596328042,259431.73161561333,259984.42460726408,260543.9771298152
0,NH,1bedroom,190645.79347895607,191285.75565664147,191822.40886469974,192453.90881751679,193063.56897852998,193646.47179306246,194229.62355194293,194774.13991550123,195273.24997734753,195742.02288168104,196185.0510863594,196610.40741111006
0,NH,2bedroom,241117.25974637317,242006.81281663498,242693.061969509,243427.71445837693,244124.46184713044,244875.52301481154,245620.4106432978,246333.3234333904,246976.30077033996,247553.62243186476,248091.42608056593,248623.64375478268
0,NH,3bedroom,312956.9403149782,313848.28332625295,314636.05235938594,315420.9869989879,316193.4766924702,317035.1120309959,317855.7539562282,318637.44457074394,319347.2519748411,319975.9275157028,320570.53525259445,321145.094948028
0,NH,4bedroom,365743.11196961167,366540.15546414535,367261.5254877987,367993.21545968717,368720.0765183789,369468.79571245314,370185.81481065287,370860.21008943993,371472.61863020237,372051.6279343512,372618.0620053358,373193.41645066265
0,NH,5bedroomOrMore,443616.83267782704,444515.76634208387,445357.04064249416,446208.57916434045,447114.1194795767,448041.10163348267,448932.34183604264,449728.9881726947,450434.5859802369,451089.73174171534,451759.2611805736,452466.2055773216
0,NH,AllHomes,312013.00646335544,312875.2724687807,313616.0567036694,314387.58935925056,315145.599447451,315936.09367084317,316722.8076127053,317460.5560720832,318132.54739418044,318742.7571790721,319319.5691142412,319891.91924753785
0,NJ,1bedroom,228818.63856313727,229003.79081207496,229199.448048901,229385.47734425348,229578.97360391414,229786.17704698062,229977.32449213075,230144.44821000248,230291.21848318787,230419.10979319614,230538.32248006162,230657.285196787
0,NJ,2bedroom,292667.63476336945,293078.05354025203,293433.74920922477,293776.08354444907,294109.285947311,294425.0225158684,294732.74923400703,295014.9219030279,295274.4185816644,295516.70614945283,295734.6929312974,295940.2546663369
0,NJ,3bedroom,374589.3877594947,375114.0534346834,375576.815392562,376020.3634859029,376454.0829706706,376862.7009576311,377243.82491674135,377607.84738393204,377954.45293709106,378272.4188050128,378558.13222103665,378819.3505957043
0,NJ,4bedroom,476710.483574682,477162.97712253034,477554.8492361097,477934.72933255346,478329.8053007676,478744.5165979574,479146.11427457177,479502.9491839315,479798.61062073207,480050.24580936733,480289.19802358386,480542.9831095891
0,NJ,5bedroomOrMore,619579.9067305614,619975.7924394758,620311.252620728,620669.1098695426,620974.7002767293,621287.0182740209,621575.6157888947,621839.328856282,622117.0056500502,622336.1222037161,622601.0638637224,622786.2285728817
0,NJ,AllHomes,411616.9903075777,412014.76437774335,412325.5615976137,412627.61985416897,412944.90218923305,413305.7192040187,413683.3394848947,414033.2942318996,414329.29404546163,414560.00942069147,414748.2118530425,414927.173950128
0,NV,1bedroom,231887.65473867103,232474.81941425882,232962.0646694531,233364.6691934815,233756.94481452202,234152.2535278834,234570.81271356807,234961.12246229805,235298.52939866047,235563.45687473982,235776.24710244406,235979.67915915372
0,NV,2bedroom,274900.70326836966,275640.4296945744,276244.3216150474,276747.64007506473,277226.3750180892,277551.5237541276,277914.6527740251,278107.6838654787,278342.9058473979,278447.44004373974,278545.07463275566,278590.79854109813
0,NV,3bedroom,422268.50670366164,423002.02479056444,423695.09135463554,424240.499052493,424773.2511364761,425161.8195713841,425545.6475847047,425802.0699419156,426047.01995749155,426192.5998268939,426310.1603441015,426362.378251502
0,NV,4bedroom,515048.037920153,515448.2987572584,515716.00667329127,515962.9465988328,516174.0954026803,516328.4386135797,516340.6346694266,516272.3933458349,516161.12852581876,516068.6487033967,515912.7381217914,515676.0224961323
0,NV,5bedroomOrMore,663701.8426470238,664149.3159204904,664525.0339150795,664821.9739998997,665051.906780428,665211.6076145886,665313.1991255879,665349.4748285471,665336.6989547845,665266.3254463173,665151.8272274289,664989.1247938104
0,NV,AllHomes,441557.8070467581,442277.44944319583,442834.95139616914,443328.3278818887,443820.46591538854,444254.0157413549,444543.7775542907,444688.1786716436,444784.13633089326,444894.2029470901,444977.72687507665,444943.7517955908
0,NY,1bedroom,221491.87737791234,221554.99729279874,221735.71151612498,221832.64752651769,221927.08787855195,222048.64027079777,222140.3481009096,222235.61543154262,222326.6283749343,222413.18144717708,222492.26562297784,222571.97399002724
0,NY,2bedroom,219734.41160543708,219999.68298464717,220278.8463592266,220570.61712209447,220856.38012542162,221139.66718143885,221401.798836681,221628.88094578963,221823.45576831413,221994.0103457929,222154.03233217978,222316.1098382986
0,NY,3bedroom,267612.3179304389,267982.73635568534,268347.2055557943,268720.5316026039,269079.1295201636,269436.59358078206,269790.75083245593,270124.03327870526,270429.87976864964,270705.16140357504,270948.30821479746,271165.11927723256
0,NY,4bedroom,316517.4833077559,316911.82925102516,317308.6428369204,317674.67847138987,318005.86175547447,318319.197934286,318631.5882943192,318934.3125646897,319214.832787018,319476.47369135515,319731.505796163,319981.97044116416
0,NY,5bedroomOrMore,417509.50016012293,417879.28878690314,418249.0102198638,418606.37944366765,418930.55147650983,419211.5951224613,419461.44045306346,419704.8538901963,419962.25087527855,420234.1513395527,420502.30271154613,420743.55600121565
0,NY,AllHomes,289578.343378353,289936.4233397533,290304.8655697476,290633.6706801798,290928.9786947466,291209.2705581257,291493.25809411606,291765.2496860696,292014.4054790257,292246.56318021443,292475.0754569891,292698.99992711877
0,OH,1bedroom,100760.26858374709,101132.14981182321,101445.01508503956,101757.95242975609,102066.25881982452,102361.24530371967,102641.1241197322,102904.59148994411,103154.3594478161,103395.14750628098,103629.26755668512,103855.42415725136
0,OH,2bedroom,126563.27836619473,127063.68132695384,127485.4064605126,127891.61909185296,128283.3484137081,128657.90104410675,129015.81522233589,129357.7250604827,129683.99782645413,129995.09539101261,130291.3890275232,130573.33468232778
0,OH,3bedroom,164516.71297328814,165043.76959048107,165501.2564100063,165955.2575114569,166386.77289006,166809.98547964086,167213.2187606049,167608.0375674551,167984.0485877976,168351.79117398054,168701.81770117843,169043.77538900552
0,OH,4bedroom,216214.55119628084,216837.0157833696,217356.46677935708,217869.25024230726,218376.51196448115,218856.94373324962,219317.90715474062,219764.62503442322,220196.1352527397,220613.17317554908,221017.06433874165,221408.30783758138
0,OH,5bedroomOrMore,272887.7896464343,273513.4702631402,274074.8401842616,274611.5458938882,275137.05953392276,275646.9738884427,276124.49466498493,276580.9348267871,277033.38240333355,277481.52457736025,277908.52521673986,278312.4404376247
0,OH,AllHomes,170209.84068282688,170727.65074714625,171163.916084211,171598.53217347144,172007.95771763314,172409.97101835642,172788.23216895483,173159.55749274604,173509.56937736156,173852.74025271554,174176.75440271862,174494.07740849236
0,OK,1bedroom,61551.41483978414,61962.07605870057,62273.237086228546,62612.19999547469,62930.01012903883,63231.58628001472,63503.73625846696,63729.132581705395,63919.017652953225,64063.369072052104,64184.03632319143,64275.822003855064
0,OK,2bedroom,69701.28119452577,70006.95235850617,70275.01336278727,70557.30861909736,70843.0564527725,71137.61924234447,71431.89176263959,71720.39272397917,71997.28370169552,72260.67459330044,72511.43559166545,72752.82063439843
0,OK,3bedroom,116413.28147904677,116901.55308567784,117328.23667868073,117767.17784971725,118188.45167970235,118613.60572876457,119025.97739160394,119440.00516651773,119842.16669667071,120244.94222325018,120636.31852436037,121027.5457348002
0,OK,4bedroom,185444.05915132636,186116.89169098446,186657.91981560038,187193.08404783063,187701.88318646463,188193.2695013256,188698.7371102533,189216.7941253781,189721.43292830282,190194.22692015243,190643.18916164187,191092.13009741026
0,OK,5bedroomOrMore,261985.3188913982,262598.9835716133,263123.41888330237,263689.3106637143,264180.23945239425,264708.41458618443,265174.73900732805,265672.27067469474,266120.7723475003,266593.26815713383,267029.06428898615,267481.02363842144
0,OK,AllHomes,107170.8584286841,107638.5389715325,108048.17058065163,108476.45468732412,108894.53339008582,109307.74237967435,109704.77756032154,110085.16752309361,110449.06917251066,110800.82956052864,111145.25433083941,111486.86916983988
0,OR,1bedroom,284996.2150444305,285578.9400619054,286156.0916157603,286717.13066152175,287243.4855668492,287719.80318595056,288138.51964277064,288501.57922854536,288819.6367224092,289108.37170895224,289383.16879395855,289654.3448711717
0,OR,2bedroom,297201.10026497283,298059.88771176833,298891.7979913424,299680.1913362209,300406.3377763463,301037.1915289188,301585.6991025606,302092.7640685328,302569.6023058302,303028.8936011598,303488.07310307835,303924.2395370679
0,OR,3bedroom,354651.96510222036,355650.90719716856,356623.16146345437,357577.1774216966,358468.7523892639,359314.54290871555,360064.0525129184,360726.2431120253,361305.9928344557,361810.06794951175,362280.1778247516,362723.33338525443
0,OR,4bedroom,426947.8816353006,428015.2074818508,429056.5213521791,430069.7567572213,431038.3572660637,431946.0926102117,432768.34291049355,433498.5316410374,434138.2137173707,434706.0577101357,435226.0852023534,435723.41232100263
0,OR,5bedroomOrMore,496117.33392720146,496923.9990302739,497652.2257750942,498322.508666717,498931.0138766217,499483.285316289,499981.19656862,500427.4107577321,500824.94544441573,501175.7678927351,501482.9991387603,501748.3892650537
0,OR,AllHomes,359072.3006590569,360060.4242364249,361020.92248058843,361966.79097500164,362857.6844246053,363706.5937971984,364460.1547265372,365124.86215588363,365699.1241428336,366191.3136880919,366645.3573775987,367070.64748808247
0,PA,1bedroom,140739.04921845353,141062.87567708208,141313.5768849943,141561.07747254675,141797.70764978707,142021.44558869736,142237.6356994749,142440.4569490811,142636.04523759792,142818.5078911127,142993.90855517617,143156.50659897193
0,PA,2bedroom,153415.91296895218,153853.98831461847,154266.40662840032,154665.850174177,155037.58944604636,155373.96885770498,155682.86852914267,155978.04616762185,156266.1940962496,156542.60016102676,156798.31327593396,157030.36841106237
0,PA,3bedroom,189543.97262449507,190042.9722226115,190505.2122863493,190953.16431587737,191363.92404582343,191736.71661705285,192088.74214873347,192436.712145332,192780.4334841504,193106.37859518416,193404.5058390425,193679.0151201119
0,PA,4bedroom,255729.08643920682,256292.55905164735,256789.50196477832,257259.14675095715,257703.76862771017,258140.0664411725,258580.15212417895,259012.75738670118,259421.22932901018,259793.0434389405,260123.35135483372,260419.70514686272
0,PA,5bedroomOrMore,341268.62072614173,341974.4457133633,342610.1551436968,343201.20036586333,343749.20320813626,344278.8384868886,344799.10556810244,345302.0862466136,345774.5455680075,346215.19249775435,346634.9400088004,347043.81734787766
0,PA,AllHomes,200925.29226504758,201423.12002115557,201884.80644551833,202316.73034686892,202720.22395427455,203107.28014593193,203485.1128329071,203848.84011618467,204189.55802632126,204505.84476234432,204805.491886,205096.62036696344
0,RI,1bedroom,233512.92030013166,234143.1627313121,234689.47398188693,235200.90708863115,235684.52041002284,236161.08370367356,236623.74829103745,237054.77912409237,237445.11442949646,237779.40748165437,238062.1789273725,238303.40283008598
0,RI,2bedroom,297657.3454701405,298424.11192877823,299115.6623300021,299760.23761255655,300344.1648139916,300884.40005887364,301408.68642549677,301900.9923687615,302349.723897575,302780.4835468637,303196.25266513124,303574.2502138515
0,RI,3bedroom,356072.7712263562,356848.16094995325,357533.463825731,358156.5108753777,358743.0114576131,359322.59239759186,359900.68010809633,360479.40706736903,361035.1437621365,361549.86187530664,361999.1603112647,362377.2288004971
0,RI,4bedroom,439876.4117712813,440599.0558258262,441343.70796150336,441792.82159755775,442574.1247400285,442922.13734909246,443543.77682527015,443986.88593873626,444337.2901621144,444906.9671914169,445077.6521109188,445617.64005354035
0,RI,5bedroomOrMore,580274.6955013685,581261.2965328232,582195.3717733029,583078.3332991574,583920.1309493472,584703.4033699841,585434.4922282478,586100.6086926996,586716.2143816464,587276.9491032655,587803.8149059841,588295.8793125056
0,RI,AllHomes,364562.99712120363,365386.46632257814,366093.79591793375,366805.52814386017,367449.7962051909,368036.2742094088,368636.60996730975,369151.80655465036,369653.5999927961,370148.92494112893,370563.26484563574,370997.80199858453
0,SC,1bedroom,214308.1046032067,214596.951096241,214902.97259882768,215266.44693896043,215676.27404694015,216079.2886160189,216422.19926462308,216678.50462473024,216864.999184379,217022.29730143078,217192.7563777429,217392.49594388655
0,SC,2bedroom,203613.6017553176,204164.69748717744,204668.677155161,205172.45211526492,205680.55279731267,206188.5540535698,206663.8740085034,207080.7596779162,207419.49185036225,207682.82963542372,207888.06390297966,208063.46085623867
0,SC,3bedroom,245810.64385274795,246358.0165535263,246897.94972419293,247413.50053382412,247883.02759350452,248339.3996292529,248780.27575337296,249186.54856658404,249558.85931555013,249903.3436590964,250225.17857260743,250531.344486413
0,SC,4bedroom,375639.09199016186,376140.09643197793,376583.0251028358,377033.5286558522,377436.9376311435,377822.7660068381,378148.7105232555,378475.2805002133,378763.61801960703,379052.7422966522,379292.2553481248,379531.7793809255
0,SC,5bedroomOrMore,598766.2870166993,599342.1765152051,599893.784821843,600398.214408362,600882.8693924735,601344.878210185,601785.2350406572,602214.2650629868,602610.4943448597,602995.4472485004,603347.0217502215,603687.4116191937
0,SC,AllHomes,227218.52790457517,227679.03828701453,228175.31627386285,228611.11715100185,229005.16754087445,229356.90222561336,229712.743173807,230064.015774654,230387.21283282374,230668.94647552815,230931.71526021525,231196.07901246462
0,SD,2bedroom,94321.69499551508,94131.2198725472,94563.1853602921,94765.66527814796,94911.1113401828,95066.13520643758,95204.05711992065,95400.16666202931,95596.57806070904,95727.63456213333,95870.48195202471,96064.2736871026
0,SD,3bedroom,138406.64245722786,138690.50806094822,138975.7666196205,139274.6564737456,139576.0294322128,139888.12242836258,140188.49815046508,140499.6638660251,140801.7443248902,141109.22720846123,141409.34190724566,141714.60101482124
0,SD,4bedroom,187387.6957941896,187816.0802986916,188259.1190149014,188704.59428635033,189095.37249389882,189547.09853179037,189939.1444953192,190380.77993590455,190773.03350928408,191204.14370221805,191599.66953331104,192017.99025195406
0,SD,5bedroomOrMore,248685.06408281272,249231.62967416696,249841.30204003307,250335.3657433929,250830.39677302912,251351.36583774365,251906.06024348244,252427.8543073537,252914.07651507112,253409.71994342314,253932.9799691847,254450.1360479887
0,SD,AllHomes,131630.52250976572,131784.6676378848,132082.28690313952,132318.64671333157,132538.0835180668,132806.01858839902,133051.15040858893,133310.63812721524,133561.84435056683,133826.16239341957,134078.0080809654,134341.83107099953
0,TN,1bedroom,138789.2605879539,139461.14616304348,140032.6670068541,140573.14659057785,141097.89094844533,141612.35027267263,142130.45811632602,142645.86146902503,143135.2031324306,143585.3536776371,144003.5477522796,144407.03097625062
0,TN,2bedroom,131704.33252630412,132313.05400733202,132896.61377618567,133453.98113689612,133998.85397621567,134521.45107283574,135031.19056568824,135520.69225825596,135996.47605268858,136453.76780196256,136897.00349175688,137323.25639794304
0,TN,3bedroom,192224.5279421513,193133.11055943355,193973.51251109227,194785.719212983,195532.32949608008,196221.76762335218,196903.41151202886,197592.88386036895,198262.76662220544,198886.9775307202,199468.9809935377,200030.05551431858
0,TN,4bedroom,263757.7868866159,264849.8788737447,265851.22765800817,266808.4901849397,267748.12931216566,268665.3892935473,269492.07687751635,270278.05541699944,271043.1998968127,271785.792040176,272479.42195940483,273122.161809263
0,TN,5bedroomOrMore,385805.145176989,387375.0236394182,388777.39060895407,390113.1301977171,391373.0193012941,392587.2633294952,393758.54333120614,394875.832960373,395968.39495313034,397003.05687009444,398017.28817671124,398981.8398541331
0,TN,AllHomes,189107.1856537617,190035.20731597417,190896.61724649204,191718.2745922317,192513.49124051922,193265.45413618206,193994.7710198543,194687.33373757068,195358.2759375831,195998.0190421022,196617.23020270813,197209.57002621645
0,TX,1bedroom,174990.46463422995,175368.62187916855,175729.393685767,176051.8593835811,176343.46389976467,176638.1674227235,176949.39335115862,177267.37108205692,177570.6373156301,177841.77127404447,178081.09568241274,178305.75659235896
0,TX,2bedroom,194121.1830435671,194671.15479287293,195137.47356943792,195583.09727318014,196018.22470671593,196460.3428283275,196912.1772189745,197366.3407874586,197809.24530369238,198228.53066186805,198618.59142198417,198982.38365684854
0,TX,3bedroom,256521.4306079917,257083.93455702654,257544.9924484126,258003.4914526353,258453.22794441742,258874.85417086506,259295.07035924622,259689.62015982234,260082.10045501502,260452.2476125401,260819.33172133574,261166.84309854236
0,TX,4bedroom,335291.7176538385,335772.3906077141,336224.1491013074,336641.47557401145,337037.32012615894,337428.4461170525,337791.5702002651,338145.9810950949,338492.23739981104,338812.3341909143,339130.9570700769,339434.86137900816
0,TX,5bedroomOrMore,464583.9522861504,465041.45109814085,465433.87054311804,465760.1287337004,466036.69940766983,466323.46900619,466643.67280186154,466997.4939884546,467347.466935868,467649.37618254137,467893.770770402,468093.62669590104
0,TX,AllHomes,292525.58168272703,293055.81294787844,293528.8240063059,293956.7024837755,294407.77817939647,294789.47884515027,295218.96409037785,295573.13490256184,295973.036001226,296309.7518391177,296675.954503309,296999.9328400611
0,UT,1bedroom,262497.5734313254,263286.2613518065,263934.61180256674,264472.667277671,264871.09712835145,265198.4820209008,265478.79732991924,265755.5432160225,266050.46543964103,266345.8803728491,266636.09123656224,266879.30944280425
0,UT,2bedroom,307208.26692980446,308215.82672378403,309131.25162930996,309966.49646861735,310731.3204254045,311419.7280826227,312032.1790611656,312582.33041235263,313083.4903669565,313535.6266790848,313935.5272304006,314290.40355341526
0,UT,3bedroom,359202.79592299473,360399.87547387986,361487.75343711703,362491.75640945643,363368.53565513354,364126.3164715986,364774.9883091888,365321.48580748966,365812.1037314158,366254.5163587928,366678.2399399956,367084.12066589243
0,UT,4bedroom,398389.9160727287,399532.12041446654,400576.10607681115,401562.25073415716,402457.31286886643,403266.4036685774,403981.6278148719,404601.1651261252,405141.02113524417,405606.53384612885,406016.3446171796,406379.4772815842
0,UT,5bedroomOrMore,472855.3337689009,473871.68101793434,474805.93572018,475676.2979532369,476481.22282018326,477228.0493387166,477922.9567420358,478563.19450686063,479162.28235478094,479708.80207645963,480222.6154919817,480685.5568886731
0,UT,AllHomes,402507.786001075,403568.372326066,404564.5812636462,405495.40148391615,406360.5409295749,407160.25404629053,407895.8714785798,408569.38731861085,409183.8088282689,409742.6168395306,410250.03422829555,410710.4430081355
0,VA,1bedroom,269802.8694493267,269967.93515283416,270113.03197373793,270252.2649361434,270386.5685351012,270502.6436433211,270611.3152581631,270699.9636070732,270776.444026363,270841.35924515664,270897.141813455,270950.9898876914
0,VA,2bedroom,269409.230177752,269678.08500503964,269944.64576875186,270187.9083336095,270405.065906298,270601.2053037533,270759.7889435865,270892.58522089594,271011.5387918092,271112.5848515705,271213.54394316406,271318.03022369987
0,VA,3bedroom,332556.31834953383,332920.2823089998,333259.6760887565,333561.58736845106,333857.92640930205,334092.80074723734,334337.3733557949,334515.1697259761,334705.17633764626,334839.12205231236,334975.4852094608,335076.84480790107
0,VA,4bedroom,448962.34433346166,449382.42593287316,449770.3274727454,450128.35645915533,450449.42311259644,450741.47420845384,450998.495865194,451229.51423729135,451429.45579059696,451606.8474488978,451757.60732397804,451889.2465070491
0,VA,5bedroomOrMore,587259.5314369363,587807.2058081458,588314.3470837235,588789.5584519649,589224.5743281351,589626.4403440758,589991.1120542611,590323.4476194757,590622.6220642083,590891.5987369901,591131.7266425223,591344.6517800984
0,VA,AllHomes,368702.3171142913,369106.7344511453,369476.18141320057,369820.28329287097,370126.85418902506,370402.5115453666,370645.31265371264,370857.05192839284,371041.61237236095,371197.40899396123,371331.0604718799,371439.5518265796
0,VT,1bedroom,164707.70657669744,164948.9283574235,165068.3518078065,165295.1546431858,165466.46740136383,165682.90420774274,165844.20106702246,166005.28871659833,166119.2905766313,166228.34650979654,166318.07117583917,166418.29131600133
0,VT,2bedroom,200511.13888797804,200891.07602702966,201204.02850164426,201546.09560034468,201927.28363468006,202309.7404195042,202668.33856389014,202982.14775342765,203251.0316120677,203500.13916826775,203758.07488320305,204037.63288349597
0,VT,3bedroom,254099.46280134746,254653.91240204987,255180.6145434888,255683.75131953997,256165.20689053074,256639.29104796564,257113.37500999027,257574.15302134166,258004.8119407999,258406.63180114285,258795.531996041,259182.13097290212
0,VT,4bedroom,295289.6102822512,295921.50939586735,296467.0318227989,297023.06083592086,297539.61527569947,298062.0176545982,298556.8895059794,299034.2638587708,299509.49056630617,299954.9184475633,300397.55217029876,300823.90914242837
0,VT,5bedroomOrMore,310466.214759355,310878.5673594821,311287.6094812482,311692.83801085636,312082.12788497837,312450.9416025422,312806.85462022095,313158.3503618208,313504.89800236723,313839.3705717021,314157.647383974,314463.33846477926
0,VT,AllHomes,251007.8582119724,251556.4758550844,252059.8316026731,252541.14492838466,252981.82961505718,253406.00563068388,253835.03786385315,254260.81668604934,254661.23258423232,255036.0807413422,255405.46947398692,255777.84156381822
0,WA,1bedroom,332303.8714658895,334743.6729047466,336882.7081022385,338823.5441965448,340633.77964931197,342321.7438196542,343853.86740984744,345231.83721035125,346509.40153992624,347734.92435644724,348901.36079198634,349971.8683061746
0,WA,2bedroom,381958.2510993905,384238.541841526,386285.96163253475,388150.0400037434,389895.79998943076,391533.063858251,393035.3437050005,394389.6615612244,395636.4234654322,396819.5739989549,397945.753654624,398982.3167737346
0,WA,3bedroom,489314.1915201584,491655.9700469521,493749.88707884913,495665.9359358549,497424.73661953636,499102.4063301204,500696.67764805583,502210.13052417315,503616.9616382964,504884.4990547392,506007.94246128807,506991.3061379282
0,WA,4bedroom,595753.1847359128,597982.2004025021,600009.8034609626,601880.5967559627,603632.9080686917,605298.721522734,606877.0598813763,608357.3419064977,609716.1775317986,610940.2398936715,612032.0243821605,613011.8097545262
0,WA,5bedroomOrMore,712466.2166587443,714604.3362223253,716642.8767876985,718647.1559336013,720617.2947155942,722475.3755746736,724142.5337442952,725577.0430345767,726825.572836256,727978.9847059337,729135.7000189229,730324.2397392511
0,WA,AllHomes,516366.46489755606,518599.31405094254,520613.92104378145,522527.68499088835,524371.2836180276,526152.2833720985,527826.6108153717,529348.186357085,530695.9163841225,531883.0396279913,532952.5886077966,533952.526587025
0,WI,1bedroom,170832.93591345113,171306.8945399824,171762.41061346236,172184.5845935012,172595.7749588321,173006.9342064169,173408.46615761722,173790.1573808934,174150.82995111364,174495.4363627933,174830.18865231553,175158.61754892682
0,WI,2bedroom,214524.96827956304,215113.0994242164,215710.0611750994,216284.90124712512,216812.74778105336,217288.1989141096,217719.69082708823,218128.97584060067,218537.29635018206,218953.99612092986,219372.60935672856,219775.83657866475
0,WI,3bedroom,294182.3920055514,294908.4664344918,295610.66751094843,296260.3084893778,296840.64224344114,297354.13974207616,297832.64792325906,298312.25501014583,298817.65113341104,299344.76527542516,299867.1358826348,300350.4385320119
0,WI,4bedroom,357120.71216578234,357758.216460375,358382.6975836915,358955.72194827,359494.06429185584,360010.19700350997,360522.5183313637,361037.09949721856,361544.48396239977,362029.9791189893,362483.14300735225,362906.4786390506
0,WI,5bedroomOrMore,434345.0001044314,434982.0419302781,435603.002725644,436239.94700137456,436863.2639567306,437451.4554493775,438013.74178250623,438590.199906525,439165.89558275323,439714.12021574564,440228.3718298026,440749.6802655729
0,WI,AllHomes,298313.18126794585,299020.5859623043,299675.0750227271,300284.529008768,300853.0330079318,301391.2359989869,301910.95882493333,302421.0426593602,302922.5173403963,303409.89501665917,303874.75238161976,304311.35726667795
0,WV,1bedroom,85120.27325067818,85221.37460333978,85292.82813838209,85356.93989651553,85428.02989444465,85506.81112668895,85582.5846126729,85646.67114231478,85701.99124879409,85758.32335048272,85820.46445530592,85883.58582984266
0,WV,2bedroom,84827.73673130845,84894.37974953056,84952.27429335682,85002.21062054846,85032.51179554062,85052.56698163661,85087.88545121728,85130.01047361888,85154.78281369995,85165.66369750243,85184.27462761708,85213.27111106014
0,WV,3bedroom,121382.73835097467,121490.00771931087,121605.44689646867,121719.76561868553,121839.02019066263,121968.53694565057,122097.75743516086,122213.89884079996,122318.14375188654,122423.8351303582,122538.21797770644,122652.85030008142
0,WV,4bedroom,167304.5648866463,167489.45231796466,167678.21589565478,167846.31824812363,168009.4969126664,168172.4572312798,168329.05132893307,168477.4479318892,168621.91514908988,168763.92738015793,168900.27003794242,169030.3225154625
0,WV,5bedroomOrMore,245382.17174335307,245605.95636471122,245815.6483450873,246023.33365493297,246237.50125286705,246446.66080231144,246646.18344449016,246836.55993382083,247026.26608396892,247212.38605080734,247393.6409956338,247566.3022998022
0,WV,AllHomes,114240.19618741001,114359.93280781561,114455.63514230656,114556.64350833438,114667.98301042842,114792.23742373509,114906.84722836883,115001.3289416804,115087.3252226326,115184.11269658036,115291.85441745385,115392.13100153276
