State,Room size,weight,4/30/2020,5/31/2020,6/30/2020,7/31/2020,8/31/2020,9/30/2020,10/31/2020,11/30/2020,12/31/2020,1/31/2021,2/28/2021,3/31/2021
AK,1bedroom,33,168168.8692,168474.3828,168818.5711,169073.2143,169283.9427,169577.1398,169929.2457,170170.8068,170391.5115,170685.8656,171030.1062,171274.8471
AK,2bedroom,35,215089.776,215464.0912,215839.2365,216216.3013,216587.5233,216965.1997,217339.7097,217711.6637,218088.1468,218460.9509,218834.797,219208.8119
AK,3bedroom,44,247613.3236,248015.2728,248434.4579,248849.2077,249205.553,249619.9142,250030.3024,250420.0401,250782.7581,251211.0957,251604.5069,251982.5691
AK,4bedroom,37,328562.9481,329030.0705,329503.9818,329979.9304,330448.1913,330915.304,331386.2065,331859.7345,332328.1735,332794.214,333263.2489,333734.1855
AK,5bedroomOrMore,26,401115.4154,401698.3295,402280.6588,402861.913,403436.257,404016.5882,404598.1016,405176.8233,405753.2881,406330.8858,406911.264,407488.7964
AK,AllHomes,53,243158.5016,243555.7543,243946.2889,244356.9884,244760.778,245152.6836,245552.2739,245963.7367,246358.935,246753.3492,247160.5957,247565.5859
AL,1bedroom,108,109624.4643,109474.54,109305.9658,109121.4573,109061.5904,108988.0478,108988.604,108980.2691,108975.2068,108969.2075,108943.8983,108923.4115
AL,2bedroom,352,90796.70934,90944.98776,91046.70548,91126.87156,91257.63508,91356.23806,91425.52354,91518.71633,91573.89479,91615.89584,91690.92944,91736.37181
AL,3bedroom,483,124778.7351,124998.6012,125222.8908,125489.1914,125692.5697,125853.5886,126054.2404,126261.8357,126406.376,126553.7685,126737.4492,126896.1161
AL,4bedroom,413,188043.0484,188272.7255,188496.164,188704.641,188892.5928,189101.7034,189294.5389,189485.0186,189670.4772,189826.2329,189990.1706,190143.4649
AL,5bedroomOrMore,292,269904.0944,270100.4046,270300.8359,270505.45,270655.0736,270803.2459,270967.571,271167.3925,271346.6353,271499.6452,271631.9319,271793.9709
AL,AllHomes,580,118265.4554,118340.1747,118494.5921,118717.8212,118964.6885,119135.5416,119240.3173,119328.9053,119473.6384,119663.91,119851.6093,119984.4084
AR,1bedroom,100,84064.35643,84106.17346,84153.88251,84188.50329,84218.79518,84243.29156,84260.94197,84274.37815,84285.5339,84293.39103,84299.40271,84304.22439
AR,2bedroom,308,84779.2159,84970.77456,85149.04425,85337.46127,85515.86147,85692.89911,85846.28405,85979.79096,86134.64304,86280.04027,86395.84645,86518.47173
AR,3bedroom,434,115334.8372,115566.4451,115769.2452,115960.7486,116143.3817,116317.0773,116489.6618,116650.55,116801.4835,116948.2343,117086.0349,117218.5109
AR,4bedroom,316,171824.9599,172087.1552,172335.7668,172576.1087,172809.9939,173033.4762,173247.0792,173446.4828,173633.9975,173806.4893,173967.5641,174114.8028
AR,5bedroomOrMore,185,262968.7242,263139.8702,263314.3242,263483.859,263643.4596,263804.5524,263964.8483,264121.5952,264273.5872,264423.6537,264572.69,264718.4815
AR,AllHomes,591,94233.02374,94458.14609,94630.99386,94833.16524,95044.97377,95208.00787,95383.53746,95524.3032,95680.98284,95855.46042,95982.76195,96117.68287
AZ,1bedroom,119,165350.3901,165656.4739,165939.8655,166191.8771,166431.0083,166647.863,166838.6991,167012.3458,167174.4697,167324.8125,167460.5276,167581.2351
AZ,2bedroom,169,193471.3862,194134.6277,194770.6013,195360.8004,195897.9797,196418.8322,196891.9687,197312.6632,197718.6009,198081.6264,198396.0442,198700.0067
AZ,3bedroom,172,244195.6838,244881.2258,245551.6082,246144.1805,246680.8468,247185.4427,247609.0244,248015.5244,248358.0934,248661.8805,248938.4857,249156.3132
AZ,4bedroom,154,318260.1211,319056.7135,319801.8995,320509.7239,321196.7797,321752.8856,322265.5308,322724.3984,323134.2725,323497.1994,323822.8305,324113.1106
AZ,5bedroomOrMore,129,428264.6763,428862.5922,429442.609,429961.2636,430427.1707,430868.9174,431270.6054,431655.3456,432008.5257,432321.3948,432619.0471,432890.9245
AZ,AllHomes,200,234523.2326,235217.757,235865.4959,236453.5026,236996.2355,237497.5763,237938.0076,238343.0838,238703.3762,239013.6435,239289.2685,239527.7719
CA,1bedroom,845,376624.7161,377432.0987,378179.3117,378875.3364,379508.4164,380088.8466,380611.2949,381085.843,381515.3222,381906.9921,382270.2295,382607.072
CA,2bedroom,1043,444714.5422,445421.8395,446087.9934,446671.3436,447223.1047,447674.4638,448132.0203,448479.7022,448831.0359,449105.8685,449362.4748,449557.8119
CA,3bedroom,1080,577925.1666,578946.8549,579984.8615,580825.3654,581698.541,582401.5063,583159.9377,583761.1923,584418.7839,584917.1772,585471.5803,585874.3816
CA,4bedroom,1006,753078.2302,754302.5584,755428.802,756488.1772,757461.3969,758360.0694,759195.2221,759965.9782,760671.7573,761325.0837,761930.5732,762484.7283
CA,5bedroomOrMore,878,1017413.354,1018634.961,1019993.81,1021078.558,1022257.488,1023157.038,1024187.152,1024987.159,1025937.961,1026646.453,1027480.988,1028069.122
CA,AllHomes,1112,586188.2092,587256.8809,588344.4408,589220.7439,590110.1366,590822.5198,591594.2416,592217.5968,592895.1012,593405.2652,593960.0271,594363.9269
CO,1bedroom,314,254770.38,255357.8429,255929.7996,256488.3754,257034.0755,257556.3461,258070.7472,258571.522,259059.4803,259534.0117,259991.0147,260441.5745
CO,2bedroom,376,289233.8178,289859.6139,290479.9734,291072.8004,291653.8877,292224.8704,292767.2444,293303.3029,293823.9229,294322.1445,294816.857,295291.4815
CO,3bedroom,388,370795.5618,371672.4517,372489.622,373266.6547,374112.5113,374855.5381,375627.403,376416.4159,377117.2194,377876.0641,378611.9196,379281.1653
CO,4bedroom,353,482989.4519,483898.3174,484790.2708,485664.4379,486524.3838,487368.6631,488198.026,489011.892,489811.9012,490597.2705,491368.7873,492126.2104
CO,5bedroomOrMore,308,650236.8266,651100.2296,651919.0402,652746.0952,653591.8941,654417.842,655199.2938,655973.0137,656769.9472,657557.228,658302.8483,659031.6201
CO,AllHomes,403,350735.6737,351425.4391,352100.3557,352754.1185,353384.4022,353992.9387,354582.9464,355158.5215,355717.8588,356260.6624,356784.9452,357292.5434
CT,1bedroom,164,167850.1005,167931.6927,168011.7668,168083.4948,168136.537,168203.1901,168259.9926,168307.7042,168369.6685,168416.5554,168462.5609,168518.8929
CT,2bedroom,183,221993.1089,222078.554,222153.3172,222235.5027,222320.1547,222399.6698,222462.7319,222522.8431,222586.1192,222654.9135,222712.967,222761.3348
CT,3bedroom,186,288708.9075,288849.9845,288979.0595,289114.5839,289248.8241,289376.1567,289487.7549,289588.4144,289690.1898,289792.0956,289892.108,289980.5406
CT,4bedroom,185,363493.1855,363545.4786,363589.9264,363634.9659,363677.2571,363716.7364,363754.1509,363791.8074,363826.9217,363860.2729,363893.7813,363926.3064
CT,5bedroomOrMore,184,468103.645,468020.5731,468102.7108,468026.6059,468048.0239,468051.8332,467990.1495,468066.0918,467983.4329,468035.6621,468008.9692,467975.9414
CT,AllHomes,186,301330.9193,301410.9349,301536.2692,301605.4018,301726.8143,301787.6881,301894.6381,301943.3942,302045.4755,302093.0986,302190.587,302229.7778
DC,1bedroom,1,421206.7205,421864.5636,422509.2282,423162.9719,423782.7285,424405.6973,425031.4204,425623.6621,426237.7967,426834.276,427416.7091,428018.2514
DC,2bedroom,1,603888.4655,605161.5401,606447.7785,607725.9731,609024.3246,610311.7585,611613.0593,612913.4538,614212.8888,615524.6059,616824.1625,618140.3564
DC,3bedroom,1,691623.9017,692739.9935,693862.7317,694936.8699,695903.4658,696795.3576,697674.8122,698544.5418,699361.3691,700105.4767,700802.9228,701485.8647
DC,4bedroom,1,925864.3766,927885.8575,929962.848,931942.995,933959.5595,935967.4623,937905.3961,939923.3424,941848.1838,943808.971,945775.5222,947673.874
DC,5bedroomOrMore,1,1483359.816,1486592.806,1489772.707,1492935.552,1496079.703,1499214.126,1502347.615,1505471.881,1508592.468,1511712.862,1514824.903,1517935.679
DC,AllHomes,1,641747.3048,642647.5867,643522.2411,644352.9994,645147.1677,645911.7541,646644.3628,647349.2599,648027.5556,648680.7621,649310.0528,649916.9051
DE,1bedroom,33,207328.1799,207471.3993,207608.9862,207734.7094,207853.7083,207974.9953,208091.8021,208202.1118,208304.4645,208402.1324,208499.6355,208594.121
DE,2bedroom,59,215163.5584,215313.8141,215443.4965,215598.7909,215728.8202,215834.169,215960.5835,216073.3292,216152.8891,216253.3774,216346.092,216405.3936
DE,3bedroom,65,290628.8773,290861.4631,291078.2073,291283.1412,291478.8974,291666.3385,291843.9827,292010.1476,292164.5695,292308.5989,292444.3504,292573.4811
DE,4bedroom,63,344410.4778,344635.1655,344854.4202,345069.2307,345279.9695,345486.5192,345688.6837,345886.8618,346081.1297,346271.4229,346457.8567,346640.5857
DE,5bedroomOrMore,53,470756.643,470887.6219,471062.7994,471178.1427,471347.5626,471464.6012,471631.4458,471737.2852,471891.6833,471992.2492,472146.6231,472244.2861
DE,AllHomes,66,305218.0792,305424.2092,305613.2773,305791.939,305960.3472,306120.4344,306271.3028,306413.1687,306545.3436,306667.7725,306780.3375,306883.2086
FL,1bedroom,525,165946.7114,166154.4083,166292.5282,166492.8065,166629.524,166752.2587,166909.4919,166994.6784,167099.7245,167209.9408,167251.7758,167345.3431
FL,2bedroom,657,215264.0275,215750.4508,216186.6331,216643.0115,217009.8743,217368.9317,217730.3618,217998.4054,218312.0422,218569.7829,218788.1194,219046.5098
FL,3bedroom,666,320822.6357,321220.0975,321573.0636,321873.602,322131.4444,322343.7208,322517.7538,322651.0531,322750.9753,322815.2794,322849.7685,322854.5176
FL,4bedroom,645,450193.0723,450543.5747,450889.7109,451182.3655,451467.7647,451694.7454,451910.6488,452067.4234,452215.8231,452310.5251,452403.56,452449.6127
FL,5bedroomOrMore,578,743780.3012,744036.3149,743976.508,744183.6303,744319.1296,744197.483,744348.1283,744390.3549,744205.1487,744323.82,744264.553,744051.0915
FL,AllHomes,685,321479.784,321809.9557,322096.1372,322350.7858,322578.3446,322773.6859,322938.2097,323086.5494,323197.6399,323295.9931,323369.0474,323420.3069
GA,1bedroom,354,133717.6555,133956.4463,134154.6885,134350.6577,134561.3753,134740.1141,134908.2228,135094.4544,135257.2854,135402.0094,135564.3824,135712.6073
GA,2bedroom,539,115762.173,116037.1334,116318.5443,116585.0687,116828.206,117066.7817,117303.4499,117520.882,117723.1031,117926.4146,118122.8965,118300.3755
GA,3bedroom,616,158426.5554,158767.4873,159086.8749,159401.6825,159693.2742,159968.5892,160240.6626,160487.058,160726.9886,160958.9995,161168.9693,161377.7614
GA,4bedroom,560,226759.5708,227122.8573,227461.3567,227771.8859,228060.2202,228335.3737,228598.5502,228843.3476,229063.4493,229261.6037,229446.2074,229622.7185
GA,5bedroomOrMore,451,318871.0749,319219.3051,319553.3249,319874.8129,320181.8648,320475.4545,320756.7069,321024.5478,321279.4736,321523.0206,321754.5597,321974.1948
GA,AllHomes,649,156010.3831,156285.9158,156545.3145,156785.6916,157006.8992,157212.624,157402.0068,157573.5918,157731.2264,157874.4095,158001.8307,158116.4303
HI,1bedroom,62,527063.0721,527749.9333,528127.5742,528357.9762,528777.0216,529439.3986,530047.081,530364.0422,530508.3652,530816.1652,531368.4105,531913.0069
HI,2bedroom,66,545622.8555,546015.8488,546390.1564,546750.4153,547087.0435,547406.9765,547706.5958,547990.3075,548261.1348,548518.1065,548763.3033,548994.4457
HI,3bedroom,65,612265.2017,612608.5519,612933.0413,613243.0823,613534.5573,613812.7487,614080.6217,614333.7972,614574.4432,614803.1233,615021.867,615230.2925
HI,4bedroom,66,744421.938,744799.0008,745324.9945,745854.6584,746180.2455,746493.5256,746729.0655,746979.9384,747424.3701,747818.491,748158.0216,748445.8366
HI,5bedroomOrMore,58,905326.6902,905791.6238,906229.4523,906650.6905,907053.5744,907435.6423,907799.6483,908145.995,908477.9976,908793.9887,909094.2669,909380.716
HI,AllHomes,67,603797.4377,604152.9757,604488.7783,604805.8205,605105.0217,605388.6319,605656.8881,605910.0921,606149.0235,606375.4128,606589.6649,606791.902
IA,1bedroom,553,78369.25465,78372.83481,78403.02908,78415.35553,78394.84212,78388.96565,78374.25606,78359.36913,78381.2811,78394.23142,78395.06253,78406.75457
IA,2bedroom,885,91398.86541,91478.38319,91516.52203,91550.89223,91626.49565,91696.07729,91738.51354,91747.32035,91754.54576,91802.74383,91850.12971,91873.20417
IA,3bedroom,934,122711.9342,122860.1373,122997.741,123135.1722,123266.309,123393.8454,123517.8832,123634.2453,123750.6093,123861.2666,123968.5441,124072.7373
IA,4bedroom,876,151566.7488,151647.3325,151753.493,151833.6137,151918.2605,152012.2419,152076.215,152167.5432,152234.3961,152302.6553,152383.2709,152433.3229
IA,5bedroomOrMore,736,197181.2434,197244.0955,197302.5328,197397.3386,197500.1801,197573.484,197626.1005,197702.7417,197804.4961,197885.7836,197938.7058,198001.3563
IA,AllHomes,972,122168.7717,122297.4713,122387.7822,122429.1647,122510.1346,122606.1462,122646.8874,122674.4837,122752.3243,122812.1461,122821.2143,122853.0313
ID,1bedroom,164,189174.9853,189542.0994,189869.8736,190258.4102,190583.6467,190863.3654,191166.545,191458.9491,191736.1427,191959.8768,192204.0447,192462.4293
ID,2bedroom,230,202190.5061,202504.2243,202796.2921,203111.6889,203327.6941,203551.1256,203742.5214,203854.3113,203989.0065,204048.0664,204083.2261,204116.2085
ID,3bedroom,243,256271.2041,256906.9165,257199.4829,257384.5258,257842.1887,258235.43,258296.9819,258417.5368,258725.6059,258824.4489,258709.9663,258760.6742
ID,4bedroom,220,320666.5523,320850.0087,321153.0098,322195.8934,323126.4357,323218.0783,323614.7502,324720.094,325501.183,325588.7826,326042.9511,327205.8986
ID,5bedroomOrMore,194,403156.4638,403946.8175,404691.9637,405351.3631,405991.4367,406645.8225,407300.4444,407915.7652,408464.2897,408991.2969,409522.556,410062.4269
ID,AllHomes,257,254479.0482,255221.4446,255704.0398,256055.0993,256442.8982,257091.4607,257782.2919,258341.8734,258699.4546,259102.5019,259682.9837,260372.5416
IL,1bedroom,486,93788.84114,93864.36,93915.07626,93983.816,94034.20331,94097.27433,94140.97902,94198.62596,94241.87096,94295.47869,94333.41187,94381.92008
IL,2bedroom,1038,105326.598,105375.6236,105421.9666,105466.1256,105509.8147,105551.1778,105591.7063,105630.5617,105668.158,105704.5003,105739.508,105773.3888
IL,3bedroom,1190,141387.8042,141463.991,141538.5423,141608.3135,141676.6581,141741.404,141805.8093,141866.7458,141926.5053,141981.7473,142035.3925,142084.9955
IL,4bedroom,1047,190783.5427,190796.6859,190809.0854,190821.3409,190832.6107,190845.8192,190857.8161,190869.6588,190882.587,190894.1703,190906.7026,190919.1059
IL,5bedroomOrMore,770,264044.6129,264036.1828,264083.9443,264125.7444,264125.1885,264200.7068,264180.4543,264253.503,264252.094,264287.7224,264331.5529,264315.9774
IL,AllHomes,1252,143702.3426,143754.7744,143805.1552,143855.4811,143904.3145,143951.7071,143998.3642,144042.9391,144086.7656,144128.8741,144169.6523,144209.3499
IN,1bedroom,541,89709.31647,89936.95087,90106.69687,90182.46888,90300.94895,90506.03661,90667.17285,90745.21516,90851.11916,91032.83655,91187.19675,91264.8946
IN,2bedroom,662,104314.2321,104502.9044,104687.4768,104864.6203,105043.5607,105222.2066,105393.9077,105559.9052,105726.0311,105891.7482,106052.1101,106207.3599
IN,3bedroom,684,143051.0691,143372.862,143704.5739,144018.0633,144320.1295,144622.6479,144922.186,145217.3001,145498.1872,145773.7733,146052.1129,146324.4271
IN,4bedroom,647,182784.3235,183094.7743,183393.9179,183700.8003,183995.6664,184287.6573,184576.4033,184853.169,185135.1067,185408.4626,185675.5835,185943.1135
IN,5bedroomOrMore,553,227883.4415,228069.5604,228205.0756,228343.8656,228471.8266,228634.1943,228798.1256,228922.1431,229051.0861,229171.2859,229329.7789,229472.2175
IN,AllHomes,693,139169.8779,139477.8608,139793.0394,140077.4015,140323.9756,140558.3175,140812.5881,141094.3183,141374.8093,141623.8211,141839.1135,142048.3664
KS,1bedroom,303,73560.22714,73518.21577,73423.6858,73301.24916,73228.47946,73215.84488,73281.7509,73373.85765,73464.82137,73498.07338,73478.23281,73403.66378
KS,2bedroom,435,86809.07552,86855.64697,86868.10152,86783.11137,86663.10237,86695.65065,86723.05072,86697.63104,86599.71112,86529.46494,86578.17904,86575.22158
KS,3bedroom,457,122968.264,122700.0793,122725.0089,122970.5252,122791.8026,122612.1264,122871.1918,122862.267,122626.4158,122692.4805,122898.7557,122678.1571
KS,4bedroom,422,156747.2853,157037.7399,157190.4852,157092.6472,157128.7358,157392.3903,157520.7173,157427.3217,157459.1057,157695.8812,157804.8332,157715.189
KS,5bedroomOrMore,350,202393.2731,202776.6379,202849.7337,202646.7415,202691.6635,202991.4372,203215.7568,203200.386,203026.0031,203085.3931,203412.2701,203536.6484
KS,AllHomes,474,117302.3348,117293.0467,117337.1835,117410.7822,117473.5777,117494.6915,117494.8867,117552.9118,117621.2939,117673.8485,117683.8101,117698.347
KY,1bedroom,337,71097.48144,71204.64888,71288.29204,71374.54864,71465.1327,71535.05031,71608.77832,71687.00536,71745.45822,71807.23313,71874.77616,71924.52132
KY,2bedroom,583,77712.40173,77884.72647,78047.38258,78198.64488,78346.61461,78492.50325,78628.78629,78760.22055,78888.10466,79010.34222,79127.46646,79240.49852
KY,3bedroom,636,107783.2513,108044.2796,108274.0682,108472.0842,108687.6434,108921.7529,109126.6542,109298.6882,109483.5927,109689.5773,109873.896,110024.666
KY,4bedroom,559,148611.0719,148866.8983,149094.5868,149320.9244,149553.6068,149776.8136,149974.0678,150165.8483,150366.1726,150560.6616,150731.9422,150894.6337
KY,5bedroomOrMore,389,206037.856,206299.6619,206485.1197,206735.5243,206912.2339,207147.4765,207320.0244,207536.9423,207708.9924,207905.5379,208079.3894,208254.9859
KY,AllHomes,651,102175.0078,102389.7786,102574.2311,102788.9037,103003.9238,103180.5722,103333.0774,103514.1815,103695.8996,103839.048,103966.0218,104119.0372
LA,1bedroom,99,92244.94432,92283.17428,92321.07123,92349.56118,92373.68684,92410.70736,92446.93599,92473.33065,92499.30106,92534.74737,92569.21547,92594.42545
LA,2bedroom,261,98730.01306,98822.58735,98907.67159,98994.34107,99068.52297,99147.16305,99233.59969,99312.97869,99393.8177,99469.26726,99540.39125,99618.72248
LA,3bedroom,356,143001.3082,143146.8515,143282.9246,143434.4617,143584.1151,143716.0511,143856.7963,144001.6379,144139.5306,144269.8665,144406.6173,144546.6175
LA,4bedroom,300,198279.1323,198412.029,198555.5616,198703.8174,198844.4805,198973.5265,199111.2738,199257.0347,199393.6009,199521.8933,199653.7752,199795.2472
LA,5bedroomOrMore,185,278732.2458,278854.3196,278969.6446,279078.9629,279191.5818,279307.714,279420.2301,279526.4633,279634.6871,279746.0128,279854.8587,279958.4704
LA,AllHomes,389,133075.853,133184.8768,133332.8099,133420.9328,133478.4395,133592.0057,133731.1043,133817.5875,133873.2046,133986.1732,134123.9565,134201.8109
MA,1bedroom,350,257967.3197,258412.6774,258866.6377,259316.7606,259756.6659,260178.2975,260575.005,260941.1633,261273.9151,261572.4342,261839.0252,262077.7856
MA,2bedroom,365,335948.3561,336608.7126,337230.3473,337832.907,338403.9278,338946.7752,339468.8816,339968.6556,340446.1879,340905.6865,341346.7874,341770.5531
MA,3bedroom,365,419729.8119,420439.0419,421112.0752,421762.0652,422385.2604,422981.0653,423560.0057,424113.8218,424651.1087,425169.216,425670.7224,426155.696
MA,4bedroom,365,524739.0981,525489.0166,526040.7224,526758.8346,527283.7474,527977.2383,528477.1648,529144.0026,529616.0168,530255.1839,530701.5627,531318.1569
MA,5bedroomOrMore,361,656625.805,657379.9403,658114.179,658830.6006,659532.87,660222.0375,660896.1351,661559.4262,662210.5064,662848.9006,663477.5905,664094.591
MA,AllHomes,366,439181.3719,439921.0765,440643.6994,441356.7701,442057.0731,442745.6703,443424.7132,444092.2279,444750.1589,445399.6776,446037.4397,446670.3931
MD,1bedroom,200,233062.669,233208.8947,233342.3392,233463.9965,233578.2054,233682.1755,233774.4586,233858.2626,233934.1659,233999.6696,234056.4396,234106.2613
MD,2bedroom,360,221806.6584,221981.4892,222141.8785,222290.8262,222423.0343,222541.1282,222647.3849,222738.3966,222819.3163,222886.2267,222943.713,222988.7374
MD,3bedroom,410,295375.1011,295622.1712,295848.9336,296057.2155,296242.7496,296411.662,296563.26,296695.5662,296814.134,296916.8571,297003.7529,297079.2365
MD,4bedroom,392,385358.4949,385625.4875,385973.0521,386205.1843,386501.757,386673.8145,386915.0873,387049.4035,387267.6842,387383.2619,387573.9282,387652.1568
MD,5bedroomOrMore,360,498775.627,499142.3256,499503.0904,499711.8497,499832.2918,500070.7916,500389.1599,500612.0956,500685.5043,500808.2727,501056.5408,501297.0753
MD,AllHomes,425,322524.2166,322709.2039,322876.1008,323030.39,323167.9944,323289.962,323400.9704,323495.9127,323578.5257,323650.8768,323708.9945,323757.3676
ME,1bedroom,241,160437.8095,160739.337,161030.8816,161336.4217,161627.7752,161901.8789,162151.6278,162413.2421,162669.5384,162912.3189,163131.9462,163354.1582
ME,2bedroom,391,169877.8978,170264.4301,170643.1459,171025.0225,171414.0139,171809.6394,172202.5557,172584.4953,172947.6062,173292.8632,173623.8686,173949.0133
ME,3bedroom,429,192116.7148,192518.4163,192902.6057,193284.1904,193657.8894,194029.7082,194396.4703,194758.2185,195114.5291,195461.7993,195802.0638,196129.87
ME,4bedroom,366,234475.7349,234862.0784,235253.5835,235641.6913,236030.7809,236412.2697,236789.5927,237158.9412,237519.1886,237872.1432,238213.1328,238546.4626
ME,5bedroomOrMore,265,303526.6234,303847.1505,304152.0341,304455.1176,304754.0208,305048.0728,305338.7753,305620.8555,305899.7825,306173.6045,306443.8625,306709.4332
ME,AllHomes,449,186174.6069,186479.3211,186765.8946,187047.2363,187303.5065,187535.3436,187753.2706,187944.5512,188108.582,188253.9117,188372.9642,188464.8995
MI,1bedroom,556,114334.1448,114534.8495,114851.7822,115030.858,115322.0952,115504.059,115766.0743,115930.9075,116185.3328,116335.9898,116563.0572,116714.5786
MI,2bedroom,817,125354.8337,125690.4963,126009.4799,126319.0081,126613.5525,126900.8431,127175.5542,127439.0952,127695.1795,127940.0196,128175.5084,128403.7752
MI,3bedroom,843,163461.3137,163883.4781,164289.1582,164677.7213,165045.0785,165399.2532,165739.5759,166065.2394,166383.5237,166690.6948,166986.3876,167274.8573
MI,4bedroom,804,209564.6602,209983.1625,210385.1256,210777.9204,211161.2294,211534.0216,211889.0135,212223.1661,212541.0064,212846.8962,213147.0668,213441.7466
MI,5bedroomOrMore,723,270485.4041,270911.6461,271323.0339,271721.0245,272105.2384,272473.9916,272828.0931,273169.4863,273498.3485,273813.6431,274115.8761,274406.7611
MI,AllHomes,846,165151.5887,165545.5433,165907.9105,166250.5961,166593.8291,166937.0112,167280.0311,167616.4738,167930.4841,168220.4289,168486.2371,168732.1779
MN,1bedroom,508,158874.4092,159164.0414,159439.274,159703.1192,159972.2274,160237.7867,160499.1585,160742.5554,160971.5118,161185.7601,161397.1323,161606.6521
MN,2bedroom,785,159818.0518,160146.2445,160454.4203,160750.0528,161030.1285,161300.7762,161566.6437,161823.0764,162075.5747,162314.7636,162545.8282,162765.9023
MN,3bedroom,834,192474.4691,192795.4227,193105.548,193405.4988,193696.3294,193976.2142,194246,194505.5058,194756.0476,194998.8243,195233.6714,195460.6964
MN,4bedroom,782,236373.0428,236714.1115,237040.3881,237356.7352,237662.4857,237960.7838,238249.1926,238528.5717,238797.1844,239057.125,239308.3184,239552.5463
MN,5bedroomOrMore,616,307087.8574,307463.5283,307822.2051,308171.0339,308511.8126,308845.0898,309169.6469,309483.9551,309787.8068,310082.2473,310368.7147,310648.0029
MN,AllHomes,892,190673.7986,190961.0074,191239.8982,191515.0408,191790.8068,192064.601,192331.3474,192584.7888,192821.8651,193043.8004,193255.7549,193463.9407
MO,1bedroom,472,102471.5632,102551.2616,102631.6808,102715.2049,102799.4188,102877.782,102949.4834,103018.0273,103087.4832,103159.3074,103229.7999,103295.4774
MO,2bedroom,818,106913.0658,107028.7344,107130.1948,107221.5488,107333.9774,107433.2133,107526.4199,107617.5588,107701.6407,107799.3019,107885.356,107962.7027
MO,3bedroom,905,147102.1031,147234.814,147344.5375,147432.676,147541.9568,147662.0282,147753.8134,147834.7,147932.8529,148037.2784,148118.3941,148189.2912
MO,4bedroom,764,193027.24,193192.6927,193168.1297,193333.2746,193347.7233,193426.1252,193541.0567,193528.4815,193694.3266,193670.8524,193788.2961,193845.0263
MO,5bedroomOrMore,535,260961.657,261141.2363,261262.8586,261373.7498,261537.5398,261665.3013,261757.9177,261916.9231,262030.7214,262119.378,262257.0633,262371.0526
MO,AllHomes,1005,141733.7685,141729.9753,141728.3609,141700.1479,141690.0582,141692.5894,141680.8792,141664.3059,141653.3996,141655.7643,141644.6865,141629.2855
MS,1bedroom,117,85618.74613,85678.29131,86067.17663,85984.90374,86353.76008,86274.2479,86491.98541,86518.4159,86537.4037,86670.98752,86551.66785,86703.18006
MS,2bedroom,251,86059.95491,86178.8395,86283.62822,86420.56523,86560.25804,86676.86724,86791.6283,86907.54673,87031.82416,87150.21973,87261.07875,87372.37422
MS,3bedroom,311,117620.7413,117839.908,118103.8949,118383.1397,118596.4066,118783.7051,119012.51,119266.9062,119480.3551,119647.7637,119840.5708,120070.3681
MS,4bedroom,280,199542.7211,199995.066,199842.2893,200038.3185,199769.2378,199984.3526,199768.9041,199959.8139,199778.2231,199970.27,199788.2184,199956.3065
MS,5bedroomOrMore,178,231616.7036,231792.6596,231811.5672,231852.6308,231815.3739,231792.1429,231793.6976,231788.5218,231808.5248,231806.7725,231808.1697,231805.0863
MS,AllHomes,337,113207.7619,113408.4438,113597.6123,113783.7302,113924.8712,114066.7926,114224.4133,114374.1387,114523.6597,114660.0465,114782.1955,114907.0412
MT,1bedroom,178,213904.0773,214552.162,215169.4543,215773.4817,216343.3696,216888.1641,217406.9014,217904.1351,218384.1054,218839.6033,219279.083,219693.7654
MT,2bedroom,206,224627.8925,225444.3346,226275.3552,227057.3216,227805.5595,228586.7277,229342.0534,230059.7674,230779.293,231484.7876,232174.6111,232855.8311
MT,3bedroom,218,276962.8447,277954.0267,278993.2742,280069.699,281102.6218,282140.5312,283121.8229,284122.5925,285150.0556,286189.2622,287239.3627,288244.999
MT,4bedroom,196,332219.3637,333583.588,335017.5143,336549.7383,338093.1955,339517.5331,340897.7039,342392.2461,343934.642,345381.395,346757.6102,348202.5486
MT,5bedroomOrMore,157,393118.9479,394403.8445,395850.6631,397051.7023,398349.9076,399631.6073,400862.4439,402101.9232,403306.0757,404511.4544,405686.9013,406854.128
MT,AllHomes,231,259562.0428,260532.6793,261552.6465,262479.4461,263380.2877,264349.6992,265281.6273,266166.571,267100.5241,268023.4145,268891.3228,269789.6905
NC,1bedroom,457,121923.4401,122129.8365,122298.9747,122456.5155,122621.7779,122766.1904,122891.7212,123023.2486,123146.3097,123248.6038,123351.7594,123454.9799
NC,2bedroom,709,126218.3806,126515.2247,126804.2669,127056.0395,127310.2307,127556.5463,127781.3895,127985.4441,128194.7397,128381.3168,128552.0922,128713.2927
NC,3bedroom,754,179076.766,179479.0124,179881.099,180260.964,180617.7706,180948.1498,181260.2429,181565.3016,181862.3099,182155.1355,182434.6397,182700.0454
NC,4bedroom,701,258428.0398,258825.801,259155.5006,259605.9684,259882.3859,260232.7096,260554.9108,260869.2199,261083.7762,261435.5668,261632.2505,261873.0826
NC,5bedroomOrMore,577,351948.117,352339.0629,352712.812,353078.5807,353395.3416,353724.9998,354046.2321,354355.691,354650.404,354932.4951,355208.917,355476.4875
NC,AllHomes,773,176509.2215,176868.0656,177214.0041,177586.8983,177903.6249,178223.7878,178483.6887,178737.9106,178978.3268,179209.0864,179462.8007,179684.9484
ND,1bedroom,26,99406.23186,99381.67651,99355.02087,99338.28335,99309.2672,99291.06997,99267.71614,99246.93841,99229.63523,99207.15452,99191.45652,99171.21354
ND,2bedroom,91,128979.0593,128549.9077,128702.6567,128919.4395,128196.7846,128110.8292,128014.9217,127022.2987,126730.5925,126357.7521,125152.8148,124708.6998
ND,3bedroom,142,158591.1926,159100.9497,159330.2934,159722.1751,159481.9485,159395.3995,159564.8677,159858.5168,160378.1359,160304.668,160254.4668,160126.7847
ND,4bedroom,118,191819.326,192023.6454,192130.2684,192363.18,192469.0036,192523.1852,192683.4111,192697.4355,192714.4661,192797.8482,192742.0908,192725.7843
ND,5bedroomOrMore,76,254676.1835,254158.7507,254247.0918,254986.1392,255256.0352,256492.3721,256420.5039,257117.8586,256709.9758,257150.6765,257178.9434,257845.185
ND,AllHomes,176,160003.2083,159792.7336,159964.0984,159998.6605,159583.9164,159202.0986,159187.3652,158946.7461,158293.8127,157772.2248,157583.131,157089.4615
NE,1bedroom,213,114981.8111,115003.9771,115053.1775,115102.3036,115118.6132,115143.4348,115191.4721,115221.8153,115232.9698,115266.2412,115306.3336,115322.3703
NE,2bedroom,351,106355.7671,106431.9374,106460.1833,106430.4308,106403.9043,106401.5768,106429.1361,106501.4327,106564.4245,106608.9882,106619.3378,106583.3152
NE,3bedroom,369,144957.3893,145103.8231,145300.2131,145457.3376,145610.4582,145775.2214,145897.8062,146071.4607,146189.0257,146344.5341,146466.2963,146588.0231
NE,4bedroom,335,177122.1492,177394.7052,177641.679,177914.678,178166.5224,178418.9681,178652.238,178909.2395,179141.6895,179376.6413,179597.3717,179838.1396
NE,5bedroomOrMore,267,213428.0134,213546.2056,213663.148,213774.9843,213886.9642,213996.4301,214102.846,214206.334,214308.754,214408.6265,214506.0438,214601.2632
NE,AllHomes,415,134700.8171,134837.1973,134952.6064,135037.225,135126.499,135238.1293,135350.8278,135476.9785,135571.1898,135639.4321,135684.3205,135708.7913
NH,1bedroom,230,175199.3607,175664.1122,176045.6686,176462.9326,176909.8344,177349.7821,177741.6529,178126.2929,178503.6147,178876.8167,179222.6499,179557.3893
NH,2bedroom,239,229695.1497,230260.3767,230811.5943,231342.5495,231859.1178,232372.5177,232863.1746,233335.1128,233800.5177,234242.8265,234665.0264,235079.6164
NH,3bedroom,239,288557.7516,289378.9034,290135.8395,290909.0135,291641.074,292354.9254,293030.5431,293671.4147,294275.0312,294847.125,295393.5071,295921.0294
NH,4bedroom,239,348186.4954,348782.3235,349375.0013,349954.3726,350522.6287,351060.2883,351590.0501,352101.6067,352594.44,353070.8146,353532.4873,353976.6516
NH,5bedroomOrMore,231,439397.1186,440029.0515,440671.8072,441315.1202,441947.7651,442540.0737,443139.8326,443714.2195,444278.13,444825.0274,445362.5285,445882.8335
NH,AllHomes,239,282009.3755,282693.7925,283425.6295,284165.0718,284862.2217,285559.1724,286230.3592,286854.9894,287444.4781,287996.671,288515.4658,289014.1178
NJ,1bedroom,363,239308.1273,239480.3864,239645.1305,239802.5453,239950.7235,240089.2965,240223.1066,240350.299,240469.2669,240582.2236,240690.2249,240792.762
NJ,2bedroom,495,299111.5191,299454.2775,299772.0011,300076.1642,300360.5584,300624.9594,300875.6313,301112.0982,301329.1661,301536.1399,301729.8267,301908.5241
NJ,3bedroom,510,374812.5835,375225.987,375598.0242,375966.9228,376298.0402,376629.841,376922.3049,377223.4345,377479.6907,377755.1466,377978.2819,378231.4202
NJ,4bedroom,507,473644.5018,473852.51,474107.735,474298.1571,474527.5806,474714.6011,474890.0431,475076.041,475200.0805,475366.1566,475465.01,475585.8767
NJ,5bedroomOrMore,481,610717.2068,611321.8116,611774.1787,612193.9246,612642.5303,613217.9522,613555.5472,614007.8533,614497.1778,614964.0272,615269.5731,615799.4528
NJ,AllHomes,554,406204.6974,406500.2956,406770.2413,407031.8484,407271.0733,407502.0652,407715.7263,407919.1717,408111.1186,408290.1102,408462.9211,408620.6771
NM,1bedroom,82,135978.272,137042.7421,136964.1915,137509.5842,137076.4802,137711.4297,137919.571,138555.1285,138513.7643,138497.4786,138726.7676,139013.8779
NM,2bedroom,127,154354.0038,154922.3147,155399.7271,155841.7412,156250.4179,156687.5006,157110.9064,157504.3249,157893.2506,158273.6484,158640.1898,158996.8722
NM,3bedroom,140,191268.2269,191596.5999,192243.3912,192588.6237,192781.8513,193290.0082,193485.7865,193642.7471,194057.3832,194178.4471,194326.6927,194684.0048
NM,4bedroom,109,254414.6911,254879.7858,255306.6169,256036.1282,256064.9488,256494.5257,256906.6599,256940.3707,257427.3154,257560.5139,257610.0229,257941.1397
NM,5bedroomOrMore,75,319849.3444,320357.7293,320756.3152,321313.0629,321668.4663,322082.7774,322708.4707,323148.1612,323639.8281,324246.642,324616.6352,325039.0018
NM,AllHomes,185,175882.9582,176513.6265,176861.1086,177242.3593,177501.8767,177943.0171,178154.9754,178472.608,178726.317,179125.1534,179301.7943,179625.9109
NV,1bedroom,41,177128.911,177329.4336,177519.7344,177693.291,177858.3183,178011.8754,178154.4159,178289.3636,178413.8451,178531.1983,178640.6311,178742.5519
NV,2bedroom,65,212842.877,213174.8455,213483.691,213764.6228,214014.5962,214249.0004,214477.9784,214692.1309,214884.8938,215060.4612,215223.6769,215378.1742
NV,3bedroom,68,283877.0386,284227.379,284552.4316,284850.2092,285134.0376,285400.2095,285653.5066,285894.4661,286120.8822,286337.9075,286540.8622,286735.0206
NV,4bedroom,55,406384.7826,406928.5773,407439.346,407919.6202,408375.9861,408811.0119,409231.2386,409640.4042,410032.6469,410402.6006,410751.7363,411083.6235
NV,5bedroomOrMore,46,559728.6458,560066.1574,560640.9789,561102.3632,561570.3946,561822.2452,562260.5444,562642.544,563078.4414,563289.9245,563619.3728,563914.9363
NV,AllHomes,78,273585.7779,273873.289,274134.3067,274372.3431,274591.4921,274800.7393,274996.1268,275182.1917,275357.5501,275520.5477,275675.8192,275819.2521
NY,1bedroom,867,180518.4657,180712.742,180886.4068,181067.8065,181240.5071,181390.7103,181543.2534,181694.1779,181825.5741,181953.9341,182084.4615,182200.1206
NY,2bedroom,1116,200218.3726,200529.7058,200828.4436,201106.787,201371.9688,201625.7174,201865.4277,202096.4113,202319.4032,202531.9629,202737.5584,202936.5043
NY,3bedroom,1187,242048.2354,242402.7665,242737.1424,243051.0556,243344.5404,243618.649,243877.1259,244121.9523,244357.9199,244586.4578,244810.0609,245028.5867
NY,4bedroom,1136,290386.2977,290717.8361,291031.1311,291336.1428,291625.1754,291898.9664,292166.9748,292423.1204,292664.785,292901.0285,293128.5279,293342.3945
NY,5bedroomOrMore,1048,373238.3561,373593.2612,373916.2604,374224.4403,374520.6043,374807.9586,375086.9852,375357.6437,375619.5916,375872.613,376116.6732,376351.9181
NY,AllHomes,1216,261501.4453,261843.5397,262180.6786,262511.4976,262831.5416,263142.1115,263441.3728,263726.0413,263997.2926,264254.0137,264494.6394,264720.965
OH,1bedroom,788,88142.01063,88351.24412,88526.80143,88695.55635,88883.49774,89051.94911,89195.04947,89355.06873,89516.57872,89646.52433,89777.11373,89925.61369
OH,2bedroom,1078,108223.0435,108541.7944,108846.9961,109139.6012,109425.298,109699.1707,109964.2202,110222.005,110468.9613,110709.362,110941.7169,111165.1621
OH,3bedroom,1120,144340.8182,144721.4335,145093.7609,145451.6032,145800.2863,146137.9499,146463.8385,146781.9217,147087.7752,147385.9482,147674.1935,147953.0884
OH,4bedroom,1053,183854.9197,184275.6178,184682.549,185076.8928,185460.1401,185831.431,186191.9446,186542.3484,186882.3235,187212.2054,187533.1714,187844.4153
OH,5bedroomOrMore,892,232434.2368,232683.2569,232955.82,233256.3418,233561.2549,233830.1055,234017.4285,234161.161,234282.1961,234449.0418,234644.4166,234845.5553
OH,AllHomes,1153,143340.7804,143690.3399,144040.0962,144378.6016,144697.8328,145006.9824,145317.6855,145613.1219,145894.7606,146172.8762,146448.7856,146708.0112
OK,1bedroom,272,58204.56429,58287.83632,58412.18944,58539.42397,58622.77502,58718.65206,58841.5108,58957.30329,59038.47638,59140.00007,59260.0096,59365.50626
OK,2bedroom,516,63163.56512,63378.7401,63580.28504,63789.00376,63979.02592,64171.37835,64352.19942,64539.55682,64722.4848,64908.09722,65085.16863,65257.74326
OK,3bedroom,603,101123.3311,101456.5761,101804.7917,102165.2947,102524.8052,102873.6093,103204.6575,103516.4981,103811.9551,104096.6437,104376.6489,104656.7278
OK,4bedroom,471,158023.5979,158413.9319,158810.8554,159226.904,159654.936,160074.205,160466.2429,160825.8863,161165.4169,161505.3069,161862.193,162237.7414
OK,5bedroomOrMore,240,214549.8469,214846.7603,215114.0187,215396.5073,215694.2022,215996.3965,216274.7331,216546.3866,216841.0602,217140.4915,217428.1748,217700.0178
OK,AllHomes,628,92297.08502,92616.91708,92939.93384,93270.45193,93598.10306,93918.61883,94227.70065,94524.83667,94811.58286,95091.17084,95367.08646,95642.15157
OR,1bedroom,270,236097.6707,236484.9492,236832.0018,237117.8756,237404.9167,237686.1674,237916.3805,238103.8271,238304.8973,238486.6356,238616.0382,238724.7807
OR,2bedroom,343,246694.5043,247150.9702,247566.7827,247937.6482,248297.3418,248618.2353,248901.0456,249166.651,249410.4172,249609.9331,249799.2807,249968.3389
OR,3bedroom,351,312263.8742,312764.1395,313232.1051,313664.2742,314063.5275,314429.6366,314765.6854,315071.116,315348.6969,315598.9275,315823.2215,316023.3079
OR,4bedroom,317,376917.7746,377448.3897,377945.0923,378403.9279,378823.2906,379208.8353,379558.7878,379876.1834,380161.3484,380416.6311,380642.3652,380841.0699
OR,5bedroomOrMore,274,442292.0743,442836.7142,443309.4559,443789.162,444224.7749,444616.1976,445016.9395,445343.5242,445677.1163,445974.1929,446227.5001,446492.2357
OR,AllHomes,368,303358.8181,303826.8739,304258.9122,304659.3668,305022.8705,305360.9044,305662.1369,305940.7786,306185.6521,306408.3176,306602.3726,306773.3251
PA,1bedroom,754,115993.0138,116143.7946,116293.2522,116497.5542,116650.8887,116772.7572,116922.8065,117092.4201,117194.7133,117303.2317,117444.7653,117567.1084
PA,2bedroom,1573,130553.6483,130796.7378,131022.7525,131237.4817,131443.9566,131644.6329,131837.8436,132024.3505,132203.5084,132376.2427,132542.4865,132702.7279
PA,3bedroom,1833,161207.1328,161472.619,161769.2013,162011.7222,162234.474,162500.339,162706.0071,162912.5852,163147.7828,163336.2864,163523.2378,163742.0041
PA,4bedroom,1638,208954.8083,209224.1548,209484.3883,209733.9769,209970.0224,210200.8334,210424.5365,210637.0804,210845.2478,211048.2061,211241.0767,211429.8868
PA,5bedroomOrMore,1210,271827.6008,272010.7598,272194.03,272378.2575,272559.8736,272731.9979,272900.4105,273070.4551,273239.6677,273402.6716,273558.8625,273715.0274
PA,AllHomes,1943,165998.6688,166264.2943,166512.9925,166750.1325,166978.4053,167201.6805,167420.8201,167637.7553,167851.6433,168062.9664,168269.9182,168472.3788
RI,1bedroom,40,226013.1837,226494.8703,226900.8659,227272.7394,227652.733,228043.0794,228402.2498,228699.6345,228962.0724,229229.5142,229515.4057,229784.4321
RI,2bedroom,43,298448.3597,299078.7374,299666.922,300221.7277,300747.8969,301235.2772,301706.0883,302137.9321,302556.1114,302943.4719,303311.7574,303662.0505
RI,3bedroom,43,360608.776,361152.9673,361698.5147,362175.7295,362653.0308,363073.0918,363487.6575,363854.796,364216.0522,364531.4903,364848.2406,365115.2999
RI,4bedroom,43,445254.8571,445938.8315,446546.5844,447147.293,447690.4277,448215.5335,448702.9593,449159.1276,449597.1532,449991.9815,450384.7225,450726.4539
RI,5bedroomOrMore,42,607429.9518,608541.1785,609564.8213,610643.4613,611630.5088,612671.6608,613628.6118,614645.6234,615576.4209,616564.6001,617470.8095,618440.4124
RI,AllHomes,43,364562.9971,365386.4663,366093.7959,366805.5281,367449.7962,368036.2742,368636.61,369151.8066,369653.6,370148.9249,370563.2648,370997.802
SC,1bedroom,175,136242.5709,136295.6806,136346.5573,136394.9121,136441.9145,136479.6157,136506.8155,136527.4982,136544.413,136559.6607,136573.7752,136585.9485
SC,2bedroom,292,121546.1975,121651.7811,121791.285,121891.462,121905.5541,122016.1378,122130.6792,122186.0096,122189.1338,122298.1692,122376.1424,122390.606
SC,3bedroom,331,163014.0931,163241.4072,163463.0827,163674.6801,163875.1132,164068.7363,164255.7009,164437.3045,164609.2958,164774.1357,164932.136,165086.3374
SC,4bedroom,310,235855.0119,236022.1699,236183.1384,236337.1056,236478.8977,236610.3075,236735.9785,236856.3251,236971.2224,237078.4239,237177.8839,237272.388
SC,5bedroomOrMore,243,344891.5639,345022.6076,345140.545,345241.0835,345347.2553,345451.5679,345533.195,345611.4677,345693.1166,345757.9016,345808.2216,345863.7285
SC,AllHomes,341,158482.9969,158709.963,158919.2123,159124.9632,159323.0225,159510.5217,159685.0309,159853.8821,160016.7286,160171.4462,160316.4894,160455.5552
SD,1bedroom,60,105105.5192,105498.8567,105800.0765,105919.392,106113.6071,106558.2494,106754.1513,106846.4224,107207.9296,107542.9187,107690.1161,107851.2644
SD,2bedroom,124,137142.9232,137363.9354,137860.4717,138063.798,138240.0056,138745.2274,138970.9886,139131.0286,139617.0205,139885.6969,140017.7627,140493.2975
SD,3bedroom,154,165372.1536,165702.1168,165835.3269,166243.3781,166714.8432,166882.8404,167134.152,167646.0032,167949.7659,168095.5794,168523.121,168972.1472
SD,4bedroom,132,206307.0183,206659.9946,207006.1204,207445.1556,207853.4766,208183.4029,208574.5193,209018.7068,209378.3862,209721.5597,210155.8715,210565.333
SD,5bedroomOrMore,104,270171.9397,270674.5035,271186.4619,271697.8737,272206.1053,272714.0828,273224.5477,273731.0775,274239.0555,274746.6443,275252.8973,275759.4145
SD,AllHomes,175,166441.1665,166606.6187,166730.0982,167384.1913,167806.4562,167836.424,168262.5478,168912.7321,169031.585,169213.2739,169872.0184,170247.4775
TN,1bedroom,232,122791.2898,123015.6928,123229.4205,123489.151,123791.3287,124073.3433,124289.8181,124457.0261,124639.1147,124872.0402,125127.9061,125345.6623
TN,2bedroom,475,111932.8271,112396.4023,112845.7844,113288.5827,113722.2083,114144.8627,114549.0962,114931.8501,115290.1945,115627.1271,115946.3449,116253.9858
TN,3bedroom,512,162409.8199,163138.7949,163824.1481,164479.0814,165103.6516,165699.4723,166269.7352,166820.2042,167346.2315,167853.1739,168342.1301,168813.3764
TN,4bedroom,476,224750.2699,225524.078,226254.8683,226941.4637,227609.9143,228261.7886,228904.9491,229541.7514,230145.8584,230711.5977,231266.1449,231819.2967
TN,5bedroomOrMore,380,306800.6096,307398.4813,307992.9149,308556.5735,309117.75,309653.5398,310177.0913,310686.0148,311172.7286,311652.7811,312106.663,312554.8845
TN,AllHomes,528,158090.0065,158806.6978,159463.8599,160091.0136,160697.4073,161273.4522,161824.0691,162362.9975,162885.6958,163383.0421,163863.5103,164334.854
TX,1bedroom,540,137850.6847,138058.0784,138268.7747,138482.0122,138683.9367,138869.1792,139048.0263,139227.6445,139404.0301,139569.5357,139725.6231,139878.2555
TX,2bedroom,1072,136944.942,137157.1583,137316.4285,137447.4514,137602.807,137780.03,137929.486,138033.9136,138131.0497,138257.5225,138391.5611,138492.0298
TX,3bedroom,1303,192388.6662,192628.141,192864.251,193100.9343,193332.5048,193551.4705,193767.754,193986.6148,194202.6714,194407.5993,194608.0671,194811.0493
TX,4bedroom,1130,269419.6007,269670.1374,269911.4552,270147.7405,270380.9446,270610.8918,270835.5894,271056.1377,271273.8573,271487.8734,271697.3864,271903.3767
TX,5bedroomOrMore,780,377571.6647,377975.4626,378416.734,378862.2764,379267.0855,379697.4467,380148.9564,380558.5853,380978.6179,381431.4683,381849.3379,382260.5527
TX,AllHomes,1518,182344.2,182437.8031,182522.8911,182602.3441,182677.9724,182750.7614,182821.0318,182889.1857,182955.4056,183019.7072,183082.2625,183143.116
UT,1bedroom,95,261015.6789,261504.7405,261968.4489,262400.4931,262812.6379,263200.7823,263558.4843,263893.3257,264207.2045,264495.6945,264762.528,265011.4855
UT,2bedroom,167,266625.8346,267162.688,267686.3346,268181.2606,268615.2534,269023.0006,269405.5234,269764.4141,270097.3022,270405.7687,270693.5899,270961.6084
UT,3bedroom,214,315513.3711,315890.9269,316261.0146,316628.8983,316894.9488,317133.6261,317351.3864,317554.7223,317745.6753,317918.9806,318075.8033,318217.6981
UT,4bedroom,212,367920.8463,368362.7082,368776.7117,369182.7894,369501.9143,369772.6678,370006.6275,370224.3672,370425.8693,370600.1141,370751.2625,370880.9041
UT,5bedroomOrMore,195,430897.6924,431108.7808,431040.3461,430589.6383,430166.782,430127.9663,430163.3598,429844.3317,429234.8362,428835.6193,428764.0133,428619.2661
UT,AllHomes,257,324060.7228,324351.3368,324623.2454,324881.7566,325075.1417,325246.7674,325402.9684,325546.4412,325679.6841,325799.1969,325906.0943,326001.831
VA,1bedroom,434,157695.0854,157801.2653,157899.381,157989.5476,158073.1596,158155.7909,158232.7565,158305.9052,158371.498,158432.7033,158491.6104,158547.4694
VA,2bedroom,622,159478.8511,159615.8579,159742.2394,159858.2519,159968.0558,160072.0441,160167.4456,160254.9096,160337.9474,160416.7427,160488.7859,160554.6918
VA,3bedroom,668,212643.8086,212862.1847,213054.2285,213250.3086,213444.2177,213625.5738,213784.4907,213950.6787,214115.0997,214267.9025,214401.69,214545.2233
VA,4bedroom,634,293190.0689,293407.5514,293612.1612,293805.7304,293990.7813,294165.2149,294329.9116,294487.6156,294636.2838,294776.4851,294910.8336,295037.5876
VA,5bedroomOrMore,513,389173.3951,389305.5616,389600.0487,389719.2782,390000.5923,390104.9445,390370.3566,390464.1258,390717.0271,390797.7288,391037.6624,391109.3134
VA,AllHomes,678,221814.1931,221987.6561,222155.6649,222319.3753,222477.4647,222628.7609,222771.5534,222904.555,223028.1711,223143.2165,223250.9804,223353.1683
VT,1bedroom,100,169476.0642,169637.2391,169842.8869,170034.1329,170212.5358,170426.4979,170592.8446,170785.5146,170979.0668,171145.3684,171354.9343,171527.8842
VT,2bedroom,236,183712.3571,184019.0193,184319.611,184603.7668,184874.3151,185133.9239,185388.0609,185634.284,185869.303,186095.582,186314.7673,186526.3154
VT,3bedroom,257,226093.1901,226533.1211,226977.7855,227398.4766,227796.3042,228184.3725,228553.8314,228918.4135,229267.2753,229602.9009,229930.6687,230241.7282
VT,4bedroom,238,270055.9997,270454.9985,270825.9728,271192.7567,271545.3484,271881.6909,272210.6062,272522.2407,272827.9879,273118.4511,273401.4216,273672.337
VT,5bedroomOrMore,179,326405.4725,326710.2883,327009.5924,327284.5067,327557.0447,327850.2333,328145.7046,328422.8192,328689.7254,328969.1904,329258.2468,329535.8521
VT,AllHomes,260,225440.6027,225875.5303,226313.0294,226697.0616,227052.0003,227427.4715,227805.8446,228138.1651,228443.7167,228766.9605,229094.0808,229381.6722
WA,1bedroom,363,259929.6215,260560.1099,261154.4448,261720.2451,262246.0553,262759.7664,263229.5385,263678.6979,264097.216,264497.6369,264857.7778,265208.0575
WA,2bedroom,433,307730.6117,308575.3722,309358.7195,310084.4181,310854.7981,311572.4103,312233.2163,312862.6435,313466.8238,314056.7998,314616.1786,315142.5171
WA,3bedroom,454,368502.8001,369380.7454,370179.7485,370908.0417,371728.6267,372492.8453,373223.7191,373918.3031,374572.0966,375188.4455,375768.5956,376314.4128
WA,4bedroom,425,450635.0515,451537.3278,452358.4391,453091.3985,453975.6939,454805.0209,455579.7111,456284.5796,456954.906,457595.4485,458207.1119,458786.0664
WA,5bedroomOrMore,368,542123.8457,543136.4917,544066.9913,544924.5304,545910.5482,546818.121,547639.0728,548402.4327,549139.1468,549865.7271,550559.869,551211.5807
WA,AllHomes,468,367889.0793,368716.1219,369459.3648,370134.9293,370940.5917,371675.6398,372361.8259,372998.5258,373588.4249,374151.5835,374684.7256,375188.8961
WI,1bedroom,355,126916.6694,127120.6687,127310.7259,127463.4457,127613.5761,127783.6304,127953.4679,128103.2205,128238.0682,128377.7409,128522.7324,128660.7513
WI,2bedroom,752,153595.1353,153744.8516,153855.6903,153945.0492,154006.9926,154055.7129,154087.2062,154115.9368,154137.9253,154150.5074,154161.6553,154167.9707
WI,3bedroom,820,200012.2479,200123.637,200213.5483,200282.7045,200313.1488,200325.1357,200327.2042,200341.3097,200355.9281,200368.3206,200366.559,200362.1803
WI,4bedroom,787,244385.3729,244652.0947,244898.7975,245140.9583,245338.3191,245547.6443,245727.8335,245924.5746,246117.1867,246314.5556,246519.1494,246712.1127
WI,5bedroomOrMore,637,311049.4735,311342.741,311605.7493,311849.5916,312095.0355,312338.1212,312562.6072,312792.5558,313015.5742,313229.7779,313441.4585,313650.9597
WI,AllHomes,837,201781.8503,201883.4129,201962.7669,202022.1507,202047.9663,202047.2027,202045.5374,202057.9226,202076.8417,202088.1203,202088.0209,202083.126
WV,1bedroom,316,62431.62646,62457.01809,62491.9357,62517.21961,62551.45747,62574.18919,62604.32841,62624.09541,62652.40664,62671.64291,62698.6162,62715.99693
WV,2bedroom,473,67526.38516,67596.12787,67658.31872,67734.20042,67788.83703,67845.9069,67881.29906,67928.87509,67967.94223,68024.75661,68068.76756,68118.91118
WV,3bedroom,505,94828.79933,94908.77486,94986.8752,95060.95012,95131.58975,95199.51898,95262.74961,95323.83345,95381.56008,95436.64945,95489.78742,95539.60526
WV,4bedroom,459,117774.6991,117821.0489,117863.7284,117905.1824,117948.6956,117990.0415,118028.766,118068.9161,118108.7792,118145.5615,118182.4974,118220.3244
WV,5bedroomOrMore,298,151830.8982,151914.8112,151883.0802,151825.6832,151886.186,151955.2622,151906.9274,151865.3691,151938.6128,151989.2789,151929.4754,151906.5137
WV,AllHomes,513,88250.53193,88320.3772,88388.64218,88457.46604,88525.57,88591.74269,88655.82909,88716.39352,88774.49189,88829.4719,88882.07987,88932.50866
WY,1bedroom,91,187735.4925,188241.3364,188674.2157,189146.4418,189620.7122,190072.637,190514.2596,190954.6677,191394.7426,191819.6596,192241.8722,192657.064
WY,2bedroom,129,215740.8661,216355.9339,216914.7677,217570.0973,218252.9404,218881.2134,219543.8339,220141.7755,220757.3897,221388.2159,221995.0153,222635.1853
WY,3bedroom,143,285778.1627,286859.3383,287650.9786,288176.2559,288800.8511,289489.5839,289967.2348,290549.043,291203.0265,291704.0695,292228.8131,292875.2978
WY,4bedroom,119,357229.4309,358210.3119,359183.8025,359629.9427,360500.3253,361260.8729,361912.5384,362744.4118,363361.8875,364130.1201,364857.2827,365490.044
WY,5bedroomOrMore,99,451443.0658,453296.7013,453708.7706,453318.6552,453864.5532,456040.3707,457431.3135,457383.5898,457654.572,458685.9096,460194.69,461306.361
WY,AllHomes,152,261996.733,263101.6617,263743.8796,264210.4531,264667.6252,265031.0089,265228.3902,265341.0342,265395.7573,265372.9345,265278.4637,265137.0961
